,date,year,month,appraiser,estimator,lawyer,auditor,actuary,all,official,ratio,appraiser_a,estimator_a,lawyer_a,auditor_a,actuary_a,monthly_avg_rate,appraiser_a_usd,estimator_a_usd,lawyer_a_usd,auditor_a_usd,actuary_a_usd,official_usd,index,appraiser_a_usd_real,estimator_a_usd_real,lawyer_a_usd_real,auditor_a_usd_real,actuary_a_usd_real,official_usd_real,oil_price,appraiser_barrels,estimator_barrels,lawyer_barrels,auditor_barrels,actuary_barrels,official_barrels,appraiser_a_usd_real_smoothed,estimator_a_usd_real_smoothed,lawyer_a_usd_real_smoothed,auditor_a_usd_real_smoothed,actuary_a_usd_real_smoothed,official_usd_real_smoothed,appraiser_barrels_smoothed,estimator_barrels_smoothed,lawyer_barrels_smoothed,auditor_barrels_smoothed,actuary_barrels_smoothed,official_barrels_smoothed
0,2017-01,2017,1,28510,43899,32084,34436,60000,33609,34422,1.0241899491207713,29199.65544943319,44960.91457645274,32860.110327590824,35269.00508792288,61451.39694724628,59.629856249999996,489.68180179762203,754.0000497058509,551.0680788802141,591.4655393441919,1030.5474608157601,577.261160175948,0.9409515422585802,520.4112856037532,801.3165565317138,585.6497961175312,628.5823581568167,1095.2184193695261,613.48659760984,53.95,9.076585760845635,13.975904535789635,10.214422222061428,10.963216669957218,19.101899181015014,10.69992882624556,627.3934423755823,873.3056630946463,711.0818957364734,712.9232127877812,2774.831600753122,677.9720492275837,12.432881384793415,17.170116835740384,14.01405888192714,13.832035748813734,56.229920256384084,13.436864031057404
1,2017-02,2017,2,29313,42660,31609,39482,123000,35021,35497,1.013591844893064,29711.41774935039,43239.82810313811,32038.624625224864,40018.63322006795,124671.79692184688,58.539361111111106,507.54598590436257,738.6453709507763,547.300551579538,683.6192343150152,2129.708875455825,606.3783294905566,0.942450155654948,538.5388106298817,783.7500652089773,580.7209519735247,725.3638085930811,2259.757571980877,643.4062595800187,52.31,9.702656966246655,14.120538538535198,10.462637193262053,13.068614687727303,40.71322644725339,11.592015474872042,633.4246213751838,879.8733801410754,726.4194654996106,715.5291298261548,2799.2349429652804,681.624679009039,12.295613006610495,16.96363174045949,14.011929277629275,13.625219391768336,55.507333635378146,13.240823017204276
2,2017-03,2017,3,28905,42439,31497,31248,131323,33682,37899,1.1252004037764978,32523.917671159666,47752.37993587079,35440.43711774835,35160.262217208,147764.692625141,58.006631818181816,560.6930906297725,823.2227667613535,610.9721596805379,606.1421102231149,2547.3758429605127,653.3563286141499,0.9420098414096235,595.2093767839532,873.9003889062167,648.5836270736611,643.4562396037007,2704.1923884241164,693.5769669205022,50.6,11.080891119165464,16.26922463955244,12.074548610287309,11.979093087413336,50.343396105938986,12.912180407394267,639.0806037492142,886.1591648154614,740.9330289510323,717.9372300595323,2822.805651892283,685.1512554318325,12.150304155218395,16.74906911639276,13.991780033895434,13.413193752976486,54.75947453534144,13.040266514878507
3,2017-04,2017,4,31276,40788,31332,33954,135918,32589,39225,1.2036269907023842,37644.63776120777,49093.53769676885,37712.0408726871,40867.95084230875,163594.57332228665,56.43561428571428,667.0369098956875,869.903487684656,668.2312463502903,724.1517853497305,2898.7825399412345,695.0398342687863,0.9431724255135069,707.2268991881539,922.3164971251573,708.4931962323583,767.7830328377853,3073.438600967371,736.9170423853034,49.36,13.513713733705176,17.623652505766938,13.537910177274926,14.67082223155856,58.72736101987915,14.081033919545915,644.4021239764837,892.2048132299237,754.659480000478,720.1582617331791,2845.781479957012,688.5813124858324,11.998349297050213,16.528209675124625,13.955147983941952,13.197178225823826,53.993011847072204,12.836607887914408
4,2017-05,2017,5,30648,41852,33726,38347,137491,30967,39679,1.2813317402396098,39270.25517486356,53626.29599250815,43214.19427132108,49135.22824296832,176171.58229728419,56.950068421052634,689.5558910399235,941.6370775190186,758.8084697602604,862.7773346942035,3093.4393440018966,696.733140101583,0.9424424308436266,731.6689788920773,999.1454615175942,805.1510043759529,915.4695358122715,3282.364251398154,739.2845624298801,48.15,14.320994621805266,19.556325597487405,15.759262092632616,17.91853239240298,64.2458846106313,14.470054830770156,649.4517125091222,898.066350483135,767.6928449228512,722.2205293152459,2868.4920617917933,691.9433740399319,11.841797968355472,16.303377871151724,13.90489746422262,12.978948151302896,53.21804860544918,12.631512577114718
5,2017-06,2017,6,32103,42041,43552,33165,143641,31165,41454,1.330145997112145,42701.67694529119,55920.66786459169,57930.51846622814,44114.29199422429,191063.5011711856,57.89317619047618,737.5943030798145,965.9284831878168,1000.6450203324325,761.9946753151434,3300.2767121044026,716.0429385254469,0.9430565533436847,782.1315704393477,1024.252978003321,1061.0657619466863,808.0052809276692,3499.553341104518,759.278895827252,46.08,16.00682081336403,20.961989652513388,21.715386725964247,16.53634278027655,71.62058837032124,15.539126270083482,654.2778434425308,903.7922861765638,780.1699716534587,724.1371458343202,2891.1836557166584,695.2493181638137,11.682373044226205,16.07668210543565,13.844651563127375,12.759961219048773,52.44355830304842,12.426315765940858
6,2017-07,2017,7,31357,41293,43720,31262,131926,30777,38073,1.2370601423140657,38790.49488254216,51081.924456574714,54084.26942197095,38672.97416902232,163200.39633492543,59.69267619047619,649.8367531514876,855.7486063043141,906.0453119808349,647.8679904653444,2734.010380338143,637.8169388571398,0.9433655457965439,688.8493607245206,907.1230236437677,960.4392655826781,686.7624044063514,2898.1452550608506,676.1079432030668,51.74,12.559658932189556,16.539400972251915,17.511505836506277,12.521607855920843,52.84132934553813,12.327347098127943,658.8980807512302,909.4002639255559,792.2411693340313,725.8760632027722,2913.900920535624,698.4871186027874,11.521053719718978,15.849427424313847,13.778015864262485,12.54075031641382,51.67419316017507,12.221686286557643
7,2017-08,2017,8,29287,40862,41361,32359,128551,31293,37099,1.1855367014987377,34720.81337679353,48443.400696641416,49034.983510689286,38362.78212379765,152401.92851436423,59.61272608695652,582.4396174425341,812.6352186272691,822.5589857971337,643.533430560418,2556.533453814157,622.333559211569,0.9469962071176411,615.0390181765324,858.118768078993,868.5979728480062,679.5522787985936,2699.6237520268865,657.1658413561727,51.69,11.267936108387195,15.721323633725461,15.913309843241125,12.449863233902457,49.45895635159909,12.039728365478217,663.2887916359693,914.8668358816382,804.0316598221857,727.360935560217,2936.4183268002075,701.6152416226441,11.358050176027284,15.62197612930264,13.708056214399452,12.320668634216824,50.90875835117588,12.017444344808117
8,2017-09,2017,9,30053,42044,36675,26171,131836,31901,38047,1.1926585373499263,35842.96702297733,50144.1355443403,43740.75185730855,31213.066580984923,157235.3309300649,57.744690909090906,620.7145013453431,868.376551244921,757.485253946044,540.5356940973938,2722.940039242827,658.8830834664691,0.9518319390048898,652.1261536929309,912.3212992335403,795.8182772664373,567.8898468804343,2860.73615273887,692.2262812018165,56.27,11.031002334198385,15.43231830895541,13.46161816147226,9.606107945573019,48.39061736703086,11.709313727856212,667.3913304514987,920.1456562369744,815.6306612751956,728.4969469862676,2958.3339198903614,704.5766737608177,11.192651947757835,15.393785564186103,13.636853916926649,12.098192290168628,50.14175382890135,11.81269783618135
9,2017-10,2017,10,31400,42258,43816,31213,132827,31809,38333,1.205099185765035,37840.1144330221,50925.08139205885,52802.62592348077,37614.76088528404,160069.70954761232,57.69805238095238,655.8300128257725,882.6135249041878,915.154389871785,651.9242735774153,2774.265385783723,664.3725120374204,0.9525696584860914,688.4850960590913,926.5606111230919,960.7217506027117,684.3848822704593,2912.40158771468,697.4529433294152,61.15,10.724938885131195,14.433581764581975,14.965730006079886,10.661067433808919,45.36819927692107,10.864636337488477,671.1268184933713,925.1814028199823,827.1099371927188,729.185362932769,2979.1127987730706,707.3050294610239,11.023106195455405,15.163132277828746,13.565385847788125,11.870752576185373,49.363101380741654,11.605576761328303
10,2017-11,2017,11,31414,45180,47362,35440,134611,32441,38848,1.1974969945439413,37618.17058660337,54102.91421349527,56715.85265559015,42439.29348663728,161196.26793255447,58.92655238095238,638.3908283553884,918.14151732019,962.4838101664195,720.2066262467359,2735.5455464362126,659.2613759049199,0.9551111214108595,668.3942988878382,961.2928765439783,1007.7191947515691,754.0553241416243,2864.1123374161452,690.2457328013102,63.33,10.080385731176195,14.49773436475904,15.197912682242531,11.37228211348075,43.19509784361618,10.409938037342807,674.3735242796735,929.8884983032119,838.5359582900913,729.3499426719815,2997.9825715333827,709.7104398645974,10.845786058321703,14.926083724617744,13.493162336630151,11.634639464087186,48.55543203490094,11.392498129498632
11,2017-12,2017,12,34692,44498,51943,33322,177402,31979,51197,1.6009568779511554,55540.396009881486,71239.3791550705,83158.50311141687,53347.0850870884,284012.95206229086,58.573854545454545,948.2113895506222,1216.2317079506395,1419.7205179127168,910.766168644236,4848.800787762581,874.0589192447638,0.957123434760106,990.6887190451904,1270.7156295420523,1483.3201929368247,951.5660525776501,5066.0140705654,913.2144167631195,66.73,14.209671655186906,18.226160766531386,21.27559595253584,13.648526429555462,72.66298198355435,13.098440270414564,676.8565826495458,934.0578992296112,849.7555380498815,728.8957561554575,3013.6925753110386,711.6356011320166,10.652317058217092,14.673233586002441,13.412538271034162,11.382417539881551,47.687490327594446,11.166231525312476
12,2018-01,2018,1,33147,43983,36187,34444,135197,32837,39017,1.1882023327344156,39385.342723147674,52260.7032006578,42997.4778146603,40926.44114870421,160641.39077869477,56.4981,697.1091545228543,924.9993044130298,761.0428990472299,724.3861501307869,2843.306071862501,690.5895950483291,0.9611944103265277,725.2530258535721,962.3436158963907,791.7679200700883,753.6312553926581,2958.0967609836603,718.4702570354406,66.67,10.456114512117209,13.874295851402877,11.415072732071843,10.865248989512327,42.647458705002265,10.358326009424465,677.7069572217019,936.9264518169203,859.1900165871975,727.4087894576871,3023.7527912922797,712.6812526850356,10.4200227078872,14.378208694767835,13.280967404992062,11.093638736865541,46.68983169757776,10.909962718413492
13,2018-02,2018,2,34081,44014,38075,37933,140138,33658,40443,1.2015865470319091,40951.271109394496,52886.63028106245,45750.40777823994,45579.78248856141,168387.93552795768,56.80670526315789,720.8879817917117,930.9927417206185,805.3698514339198,802.3662396439365,2964.2264015823152,711.940603008874,0.9637822221192247,747.9780859690253,965.9783303260081,835.6346827637287,832.5181988516487,3075.618468106196,738.6944754421952,63.83,11.293874068489922,14.585504335275239,12.617418947734919,12.57036251987994,46.439392160149076,11.153698934809244,672.5937679233432,935.0512788236799,859.2176416339746,722.8604716629527,3017.6085187962667,711.2175550891963,10.127957992918573,14.049645709011735,13.032942756122676,10.80133106214607,45.58637545215876,10.649316989508948
14,2018-03,2018,3,32660,42915,37517,36030,146795,33427,42364,1.2673587219912048,41391.93586023275,54388.699554252555,47547.49717294403,45662.93475334311,186041.92359469892,57.06360476190476,725.3648982208305,953.124145962858,833.2368305741243,800.2111844120185,3260.2553654111093,742.3996464429792,0.9639676175909403,752.4784909617566,988.7512075818674,864.3825947768594,830.1224748729974,3382.1212517064023,770.149985222861,67.67,10.719150261871293,14.084884675082874,12.31323822335044,11.825198528328928,48.17874043758104,10.970882908866251,666.4360664902721,932.1474461091422,858.5780400409429,718.8119358566915,3008.282112727809,709.5846056624582,9.84512420390978,13.7439524889496,12.810065124427462,10.551656486009941,44.549500504698344,10.417137650183916
15,2018-04,2018,4,33081,43668,45736,35293,150319,35045,43381,1.2378656013696676,40949.83195890998,54055.115080610645,56615.02114424312,43687.990669139675,186074.71933228706,60.769890476190476,673.8506789798155,889.5048955500312,931.6294747383948,718.9084977248157,3061.955811903113,713.856807377275,0.9664781812704225,697.2228572134426,920.3569338531668,963.9425832808563,743.8434841641434,3168.1582380661853,738.6165784300686,73.17,9.20938470657121,12.156688472735153,12.732396812059516,9.825181054049688,41.847147900821554,9.756140595562048,660.0093678877074,928.948004054315,859.0965864706551,715.36445184133,3000.7517067545577,708.2691438561176,9.592676941867103,13.484756816686613,12.651494096127115,10.35467282236115,43.69651920884086,10.231341143026459
16,2018-05,2018,5,31993,44563,44004,36347,152727,34609,44076,1.273541564332977,40744.415267704935,56752.83273137046,56040.922996908324,46289.41523881072,194504.1824958826,62.2309,654.7296482568136,911.9719099574401,900.5320989557973,743.8332924449223,3125.52417682988,708.2655079711204,0.9686604404687416,675.9124466154366,941.477396884434,929.6674679106577,767.8989059210224,3226.645836096514,731.1803789864546,75.75,8.643295686558595,12.039233134751685,11.888212527469271,9.819581418414817,41.261045238678285,9.350039709189709,653.8750219265085,926.085159774456,862.1779238237069,712.247100617075,2999.2393129942443,707.5725856142811,9.378416955215757,13.279856461648224,12.576360893300437,10.200783203795137,43.09409997712875,10.095429875942793
17,2018-06,2018,6,32478,45787,36480,30633,158867,34354,45848,1.33457530418583,43344.336729347386,61106.19945275659,48685.30709669908,40882.04529312453,212019.97485009025,62.768504761904765,690.5427633454441,973.5168885183155,775.6327362165713,651.3146274265962,3377.8082758913934,730.4300169951779,0.9695333441480691,712.242407662859,1004.1087234330726,800.0062513560288,671.7815651806258,3483.9526626693587,753.3830800187777,76.44,9.033788112839405,12.735699745137564,10.146948406810194,8.520599521541028,44.18901459826522,9.555599385075588,648.251738851154,923.8926660040247,868.6687104986181,709.0126335350514,3005.3274287930635,707.5037786657573,9.200868008968502,13.126441959807005,12.58827382813706,10.077295079012533,42.74472770943527,10.003414689402558
18,2018-07,2018,7,30733,47214,37653,30943,146965,33691,42413,1.2588821940577601,38689.22646997714,59436.86391024309,47400.69125285684,38953.59173072927,185011.62164969873,62.86194761904761,615.4633754658603,945.51419676716,754.0442676086303,619.6688649673027,2943.1417360928044,674.7006990147496,0.9702903756575746,634.3084409641342,974.4651915426621,777.132584766295,638.6426996633328,3033.2587129890994,695.3595706414163,72.76,8.45881494592991,12.994972467937878,10.363445129310476,8.516614416812846,40.44999637290825,9.272961778652412,643.0073514887903,922.2618037199377,878.6201232436622,705.1252586273098,3017.96304514516,707.8680120056868,9.05596965386937,13.017241961316037,12.676889213055786,9.977436652053944,42.61303383003942,9.947196721647327
19,2018-08,2018,8,28164,45956,36699,28296,143330,33867,41364,1.2213659314376828,34398.5500930109,56129.09274515015,44822.90831783152,34559.77039596067,175058.37895296307,66.07640869565218,520.5874649067349,849.4573759854391,678.3496440353736,523.027372070763,2649.3325289405734,626.0025448798604,0.9720245957992476,535.5702593911028,873.9052279710808,697.8729210834426,538.0803884295783,2725.581780944708,644.0192435306943,76.89,6.770548379590778,11.04769639726153,8.822338978220492,6.802280817671518,34.456139016004336,8.14153394303369,637.7185240698595,920.8289816518665,891.1230578841365,700.2713705936687,3033.7139654199827,708.3143626723231,8.93908990053154,12.945219935537219,12.824568855036897,9.894559005769306,42.64119348305976,9.919035620106769
20,2018-09,2018,9,28328,45474,44634,31193,144750,35494,41774,1.1769313123344791,33340.110215811124,53519.7744970981,52531.152194737144,36712.01842564941,170360.80746041585,67.66609523809524,492.71514927081273,790.9393073263533,776.3290021375832,542.5467258967969,2517.668661993439,617.3549671073929,0.9740291843371724,505.85255266874344,812.0283458083322,797.0284819195388,557.0128027180216,2584.7979736938933,633.8156772248086,82.07,6.003596311329509,9.637374282031843,9.459351798922667,6.610780137648312,30.67708860720652,7.5222976374728034,632.1892693965837,919.3516770237263,904.9278216694754,694.7426346499082,3048.904920110676,708.5955368913847,8.846665272779683,12.904813507777021,13.015387232829747,9.827103919527167,42.77675910103283,9.913615263369268
21,2018-10,2018,10,30012,44314,39587,37055,146684,35530,42332,1.1914438502673796,35757.6128342246,52797.64278074866,47165.687700534756,44148.95187165775,174765.74973262032,65.85452727272728,542.978809735274,801.7314065909947,716.2102539314371,670.4011660249425,2653.8152648010437,642.8107793514023,0.9763080036770101,556.1552375790075,821.1869651498113,733.5904768106146,686.6697430524496,2718.215209550817,658.4098224437603,73.29,7.408634325764415,10.939165051043725,9.772277990604954,9.147239268999078,36.209786666680905,8.770784272771213,626.641096791293,917.8115679087337,919.1504976127376,689.0234271684822,3061.016853944042,708.6600879583627,8.779628466549449,12.89573312140033,13.244426071283227,9.776478018579095,42.9913158173181,9.92977555010878
22,2018-11,2018,11,30321,46465,36514,34758,147595,35243,42595,1.208608801747865,36646.22747779701,56158.00797321454,44131.14178702154,42008.82473115229,178384.61609397613,66.35568095238095,552.2696316551338,846.3180117692621,665.0695336649701,633.0855795346176,2688.309629766152,641.9194165239235,0.9756204954693981,566.0701412278363,867.4664131180177,681.6887680747078,648.9055759637589,2755.487038505409,657.9601592062477,57.91,9.53668851070858,14.614367324628944,11.484536930840445,10.932232421595884,46.42220047947077,11.084776662474935,621.4093142265547,916.2222257987071,932.9905456719222,683.8989344451657,3068.5979650888926,708.5840444507822,8.74135854708718,12.92077707424101,13.508940595099439,9.754021549088131,43.274852524894925,9.969717216591592
23,2018-12,2018,12,31394,43051,41399,34605,192551,35622,55569,1.5599629442479366,48973.47667171972,67157.96471281792,64580.90592892033,53982.517685699844,300372.42487788445,67.33531363636364,727.3074710276863,997.3661825575883,959.0941578988084,801.6969814268041,4460.845411666307,825.2579070188012,0.9762886916487065,744.9717253197379,1021.5894039224066,982.3878593524822,821.1679478463888,4569.186809009391,845.3011021003919,50.62,14.367986389326084,19.703006372137267,18.94694108847903,15.837553959439038,88.12416854338814,16.303000928858182,616.7534408029585,914.6205786076814,945.9473939521724,680.0660920694783,3071.5067208059645,708.5412478957858,8.735513583378449,12.984631466882654,13.804083549049668,9.773578635154244,43.63703199138221,10.038522265125597
24,2019-01,2019,1,30336,45729,67041,41491,146445,36121,42263,1.1700395891586612,35494.32097671715,53504.74037263642,78440.6240967858,48546.11259378201,171346.44763434015,66.51254374999999,533.6485266618172,804.4308239622309,1179.3358015537606,729.87905523884,2576.1523762852653,635.4139778333167,0.9754930360825936,547.0551884253881,824.6402528845125,1208.963834626399,748.2155466428591,2640.8721343933266,651.3772567613872,62.96,8.475993117246142,12.776855526719041,18.731508919214747,11.592742300489835,40.917286789791376,10.09234399354061,613.0791373873093,913.2146761974284,958.5668588552024,677.9472642290639,3071.626978112381,708.8196103623144,8.769356171902746,13.094804516142847,14.134112930243534,9.849952721890444,44.124208514469416,10.144765357063537
25,2019-02,2019,2,28234,42492,54937,31939,149213,34421,43062,1.25103861015078,35321.82411899712,53159.132622526944,68728.30812585341,39956.922169605765,186671.22413642833,65.810525,536.7199869473329,807.7603487060306,1044.3361168423046,607.150940819964,2836.4949852083437,654.3330265181747,0.9784207395734359,548.5574510423071,825.5756608943016,1067.369153783071,620.5417733527039,2899.0544358707853,668.7644691622601,64.73,8.291672902013485,12.478917792461464,16.133726507682752,9.379745725628982,43.82040761947078,10.10865173054495,610.9351125168163,912.4237682213137,971.5887619253637,677.9939302104935,3071.6329892465506,709.7321931485884,8.848222426077115,13.253238259901593,14.50326436041032,9.99016562347277,44.76307030805985,10.291077356571051
26,2019-03,2019,3,29371,44793,54195,31316,160516,34998,46324,1.323618492485285,38875.998742785305,59288.843133893366,71733.50420024002,41450.436710669186,212461.945939768,65.09225714285715,597.2445948135528,910.8432513528129,1102.0282188526264,636.7951970032079,3264.0125763880096,711.6668254157066,0.9821209241964264,608.117167753268,927.4247487376027,1122.0901537703298,648.3877711130483,3323.4324775827704,724.6224043113572,68.63,8.70238372160211,13.271794424490936,16.057529052202046,9.278671091406206,47.559559615153866,10.369617155991646,610.6251332061034,912.5789732782038,985.1536816908202,680.4930778389927,3074.374176675319,711.4874567165559,8.975382669034241,13.461463038959597,14.91327894262313,10.194435425249917,45.58179183382881,10.479529281618422
27,2019-04,2019,4,27998,45690,47546,23323,166428,36066,48030,1.331725170520712,37285.641324238895,60846.523041091335,63318.20495757778,31059.826152054568,221636.35667942106,64.60310476190476,577.1493717160408,941.8513748734161,980.1108660479633,480.7791555301529,3430.7384683176383,743.4627202053978,0.9858133840080956,585.4549969381438,955.4053435996783,994.215418402064,487.6979389095053,3480.109444618237,754.1617229648937,73.09,7.8964204640312055,12.886186549095855,13.409643809658823,6.577906081955847,46.93854793155887,10.171880150573235,612.0247994067278,913.7644083194762,998.7460316378241,685.1707832881265,3082.0996615059894,713.9531335685408,9.145920427587791,13.712212716790658,15.354027307524415,10.448478571994103,46.57415171922055,10.704504302737652
28,2019-05,2019,5,31602,47383,59349,34084,166067,35930,47926,1.3338714166434735,42153.00450876705,63202.8293348177,79163.9347063735,45463.67336487615,221512.0245477317,64.81870555555555,650.3216031156018,975.0708347707916,1221.313107502938,701.3974280296238,3417.40895084484,739.3853300406167,0.9860567155647223,659.5174424050828,988.8587739219047,1238.5830228877683,711.3155024028492,3465.7326469174377,749.8405703947415,67.68,9.6087707316135,14.407074981837937,18.04540643473608,10.363437175378602,50.49363107040248,10.924724143626133,614.5944270870466,915.6833178869763,1011.35908605745,690.8889539528127,3094.885944747182,716.7074842370223,9.35410084707789,13.99931069121586,15.802102649462428,10.735939770418724,47.718942260012206,10.957591426649815
29,2019-06,2019,6,32115,46035,57608,40506,170995,36464,49348,1.3533347959631417,43462.346972356296,62300.767332163225,77962.91092584467,54818.17924528302,231413.4834357174,64.16905,677.3101202582288,970.8849878900065,1214.9612769059954,854.2775566302294,3606.309949044242,769.0311762446227,0.9857361358948807,687.1109778717267,984.9339519328954,1232.5420897784347,866.6391801236856,3658.494213332583,780.1592619372457,66.27,10.220463562067737,14.650444965897186,18.33350349941143,12.890863990195102,54.41843894740067,11.604514504973935,617.5869286702082,917.9605889332236,1021.9994699827612,696.2011157249542,3111.6905537691264,719.3706128134561,9.599735838462166,14.328142742341132,16.231284971893324,11.049808631053066,49.02356920571484,11.233840624926595
30,2019-07,2019,7,31764,46782,49038,32665,161157,36577,46509,1.2715367580720125,40389.09358339941,59485.03261612489,62353.61954233535,41534.74820242229,204917.04932061132,63.22268181818181,638.8386639395003,940.8811980990336,986.253947936822,656.9596070263121,3241.1951443299977,735.6378860003495,0.9880110928290576,646.5905783610772,952.2982129734263,998.2215332348098,664.9314079512841,3280.5250546825373,744.5643994683642,64.89,9.844947818454312,14.499633196163254,15.198858806238588,10.12420414588245,49.949069877176726,11.336691108034357,620.266427757822,920.3143041681004,1029.9174480223141,699.9188817527908,3130.3970634520397,721.6792051780815,9.880984761698533,14.708174009029507,16.632588672671655,11.382104374251584,50.502381472367894,11.53358815177315
31,2019-08,2019,8,32866,47396,49493,38858,155794,37587,44961,1.1961848511453428,39313.81131774284,56694.377204884666,59202.77683773645,46481.35094580573,186358.42269933753,65.58748260869565,599.4102800422253,864.4084961017862,902.6535930788611,708.6924074082879,2841.371787528097,685.5119027550393,0.9889148957536712,606.1292863683716,874.0979631447494,912.7717632273416,716.6363965709908,2873.2217501513437,693.1960532686661,62.09,9.65389402548277,13.921863361278566,14.537825625364167,11.413954057147492,45.76214829325329,11.040616890884833,622.0384765512259,922.2951675343088,1034.665802322937,701.336058933639,3147.038259751668,723.2606977800052,10.189968092358571,15.142345374602568,17.022749958009598,11.714773946460593,52.140175302816964,11.857395219339784
32,2019-09,2019,9,32053,47756,57981,32448,157803,37591,45541,1.2114867920512888,38831.78614561996,57855.76324120135,70243.21568992578,39310.323428480224,191176.25024606954,64.958705,597.791876325428,890.6545049074077,1081.3518479151608,605.1586685491994,2943.0428184501147,701.0761683133924,0.9904366835840035,603.5639493503539,899.2543588798397,1091.7930099298935,611.0018727894515,2971.459829012383,707.8455189850921,59.94,9.973171109867002,14.859100849306103,18.04057136995597,10.096073883036361,49.09981345428954,11.696299104327535,622.6407492621449,923.3537814436726,1036.0205112601568,700.4329450628311,3157.8725982663004,723.766897611422,10.51208551942767,15.616345133077962,17.426085355822995,12.02643240902106,53.86263715852866,12.197141169368908
33,2019-10,2019,10,33436,48582,53437,37030,161296,38768,46549,1.2007067684688404,40146.83151052415,58332.7362257532,64162.16758666942,44462.17163640116,193669.19892695008,64.37499130434783,623.640185374482,906.139714255984,996.6940000555148,690.6746041517247,3008.4539819404968,723.0913598097235,0.9932369276880411,627.8866280436533,912.3097309372162,1003.4806119981068,695.3774924170499,3028.9389148501346,728.0149777484253,60.15,10.368082882368778,15.064666903673883,16.57014131430615,11.482537059879048,50.01586004888607,12.021468991017848,622.1447587109465,923.2510271919049,1034.022171632037,697.7313220961024,3161.13518730257,723.0592659353858,10.834800424435219,16.109709940979112,17.851290043082148,12.311100988775717,55.58449270371269,12.54069603535051
34,2019-11,2019,11,33486,49291,54398,40048,160381,39800,46285,1.1629396984924623,38942.19874371859,57322.46067839196,63261.593718592965,46573.40904522613,186513.4317839196,63.86711904761904,609.7378326190579,897.5269517895833,990.5189816284872,729.223577636267,2920.3357622074045,724.707810375635,0.9960333093864183,612.1661061663408,901.1013420248793,994.4637114984356,732.1277017186173,2931.9659640764476,727.593950469461,65.15,9.358984384022378,13.776315453408799,15.203668175418066,11.192994284516761,44.82480064784964,11.123680896018955,620.7174083955518,922.0104517967341,1029.1077823660237,693.9310032803631,3156.618915247324,721.1549136676747,11.15009072609774,16.602886725555102,18.283957418790337,12.578488452919315,57.23783389456663,12.876007655768143
35,2019-12,2019,12,33417,50252,56574,44590,215663,40559,62239,1.5345299440321507,51279.38713972238,77113.19874750364,86814.49705367489,68424.6902043936,330941.3313198057,62.932538095238094,814.8310665957795,1225.331141591738,1379.485075308664,1087.2704689082145,5258.668112495005,988.9796579602663,0.9989339760376352,815.7006230060198,1226.6387679114973,1380.9572087842282,1088.4307621820756,5264.27996107811,990.0350590568021,66.27,12.295624967493278,18.489982519869294,20.816132115718485,16.406676760347285,79.35216708156035,14.923489632718672,618.5534485714799,919.8172443144495,1022.2569334544096,689.6454581402393,3145.108350851234,718.1995491808842,11.4470325026609,17.073223680721966,18.69964768592382,12.835706828338463,58.75662242003116,13.188396376403993
36,2020-01,2020,1,34040,49844,50867,42098,161729,38823,46674,1.2022254848929759,40923.7555057569,59923.72706900549,61153.603740051,50611.288463024495,194434.72544625608,61.81214705882353,662.0665589695793,969.4490471586284,989.346053322726,818.7919506316496,3145.574691997388,755.0943013770851,1.0,662.0665589695793,969.4490471586284,989.346053322726,818.7919506316496,3145.574691997388,755.0943013770851,58.37,11.342582815994163,16.60868677674539,16.949564045275416,14.027616080720398,53.89026369705993,12.936342322718607,615.9037693984714,917.0168972370311,1014.7360093442869,685.4754008155165,3128.322332888298,714.4056798332584,11.722329731801967,17.513669736711112,19.09743544996247,13.090378715742878,60.14035023465491,13.475653537650363
37,2020-02,2020,2,34901,49741,50100,43113,163749,39057,47257,1.2099495608981745,42228.44962490719,60184.101108636096,60618.47300099854,52164.555419002994,198128.03064751517,63.97975,660.0283624882434,940.6742150232861,947.4634239895989,815.3291536619477,3096.730303690076,738.6243303545263,1.001313217924652,659.1627381652221,939.4405248868602,946.2208298351803,814.2598530276273,3092.668955382853,737.6556277619288,48.86,13.508562474176083,19.252439930890016,19.391392222464162,16.687047762217514,63.37966237597372,15.117157805045563,612.7229383779521,913.9293694050766,1007.5071819520806,681.436838462659,3108.158012563417,709.8394356884687,11.96423163095929,17.90665112921195,19.459758707402795,13.330316475358634,61.347893105601806,13.72246242543715
38,2020-03,2020,3,32645,48893,49323,43870,176539,36456,50948,1.3975202984419575,45622.0501426377,68328.95995172263,68929.89368005267,61309.21549264868,246716.83596664472,73.71944210526316,618.8604910695674,926.8784190492988,935.0300505751042,831.6559884583221,3346.699716125911,691.1066951273441,0.9970800213204791,620.6728425367322,929.5928102358233,937.7683140584852,834.0915179073809,3356.500626392776,693.130621765021,15.11,40.95701463067951,61.34205288215082,61.88153875414323,55.04010512629531,221.4890612922509,45.7383649985006,609.222843071042,911.4208638957963,1000.897397431102,677.5074996024814,3088.5081689473263,704.9505203999795,12.158809278824519,18.23364694738985,19.755316088813984,13.533425068244718,62.33180047146742,13.911996022391365
39,2020-04,2020,4,31808,48127,50845,35045,170849,37726,49306,1.3069501139797488,41571.46922546785,62899.58813550337,66451.87854530032,45802.0667444203,223291.1200233261,74.76353333333333,556.0393867438206,841.3137438952418,888.8274213716535,612.6257642240063,2986.6314507606576,659.4926403514013,0.9892625122631379,562.0746564749211,850.4453908503685,898.4747833396427,619.27522435122,3019.0484464312053,666.6507950884327,18.78,29.608061061971277,44.798388918809465,47.328403693911255,32.62118020362121,159.03255861345355,35.116754012321685,605.7733980889881,910.407320098206,995.1009773422699,673.9502189173677,3073.6212362934093,700.3829453369799,12.297935251356925,18.48858879910588,19.963763398245842,13.687465477945041,63.0745248173682,14.0363678617783
40,2020-05,2020,5,30840,47640,60783,32713,175842,39661,50747,1.2795189228713346,39460.36358135196,60956.28148559038,77772.99868888833,41856.90252388997,224993.16643554124,72.50029444444445,544.2786665037569,840.7728817198112,1072.7266597307994,577.3342418073087,3103.3414161917517,699.9557779573769,0.9881887634894518,550.7841078680375,850.8221432825327,1085.5483277737653,584.2347769353798,3140.4338228187894,708.3219358675175,35.46,15.349088169874701,23.71045915735508,30.251738853096427,16.28128149484796,87.5166784036027,19.73930563895592,602.6726586018644,911.3339896141557,990.17189306012,670.8865661504599,3066.0209167311773,696.6105365554556,12.383684127708717,18.67966538475546,20.08563491112644,13.791536830041583,63.60210375324271,14.101375167617865
41,2020-06,2020,6,31640,51108,60107,34868,180610,39812,52123,1.3092283733547674,41423.98573294484,66912.04370541545,78693.789837235,45650.17492213403,236459.73651160454,69.196715,598.6409287340424,966.9829515088318,1137.2474811446614,659.7159261409163,3417.2104342179327,753.2583013514443,0.9926537044332693,603.0712685203964,974.1392664835784,1145.663866528302,664.598261402313,3442.5000571260684,758.8329122103042,44.16,13.556180451404947,21.89725886568913,25.752886801283093,14.939219341959156,77.38248265892058,17.057479650168577,600.2231050208075,914.2898757556708,986.1804287318475,668.1951381369773,3066.902559017837,693.887499704378,12.427954503569737,18.82666422461432,20.142331416780735,13.848275149709453,63.9773218602939,14.124048933816004
42,2020-07,2020,7,33606,51657,57197,30991,173757,38648,50145,1.2974798178430966,43603.106758435104,67023.91495032085,74211.9531411716,40210.19703477541,225446.20070896295,71.29407391304348,611.5951069315703,940.1049943094724,1040.927374015504,564.0047598320626,3162.2011246536,703.3543918553631,0.9980765219809506,612.7737637968837,941.9167504747851,1042.9334335502697,565.091701298257,3168.2952709651595,704.709885830565,43.57,14.037069243322705,21.576887636205473,23.89091976165949,12.94479595666887,72.57748736868487,16.14308909468357,598.5486852037908,919.0953933567288,982.8122234404061,665.4036342552389,3076.684687264564,692.2599574437173,12.439279862341197,18.94163132658621,20.151506192097397,13.850357776017391,64.24188789236463,14.120479434376668
43,2020-08,2020,8,33084,49227,54693,34397,165108,37144,47649,1.282818220977816,42440.758022830065,63149.29256407495,70161.1769599397,44125.09834697394,211803.55082920525,73.79810952380953,575.0927536854772,855.7033909344393,950.717808527379,597.9163779627421,2870.040332955561,645.6669460432042,1.0017767066039411,574.0727947598843,854.1857534652652,949.0316577137697,596.855940072414,2864.9501570914945,644.521819869458,45.1,12.751502299012797,18.97346764821373,21.08021748397736,13.257569356158362,63.637257936930396,14.316340267033352,597.5585382481432,925.2715095729302,979.4256354705577,661.8595252283203,3094.7799732386625,691.4529428279501,12.416173579367586,19.018286230046133,20.117120447419072,13.778215542461119,64.37398301947285,14.094093598767033
44,2020-09,2020,9,32679,50587,51101,34864,170686,37923,49259,1.2989214988265696,42447.45566015347,65708.54186113967,66376.18751153654,45285.59913508952,221707.71494871186,75.72798636363636,560.52534470316,867.6916555738778,876.5080216553805,598.0034767811428,2927.6853326602272,650.4728616903191,1.0040362139154753,558.272039329398,864.2035451989428,872.9844695912226,595.5995097518322,2915.916071635534,647.8579683432406,40.49,13.843550128504816,21.429776625682337,21.647518440488525,14.769164652535016,72.30638015955118,16.065024986177303,597.1428336825513,932.1170264550395,975.6602847387521,657.5237305833045,3120.584255697602,691.1316685764175,12.348303672828491,19.03644549172098,20.03237755227852,13.616456357053451,64.30104735781464,14.034571914918558
45,2020-10,2020,10,33581,51556,54221,35722,171657,38433,49539,1.288970416048708,43284.91554133167,66454.1587698072,69889.264928577,46044.60120209195,221260.79470767308,77.66354782608695,557.3388900319127,855.6673063483902,899.8979171680514,592.8727503564511,2848.9658392009774,637.8668163722492,1.0051872108023763,554.4627747372799,851.2516844154494,895.2540457112669,589.8132646188354,2834.263914805314,634.5751413441494,37.12,15.01451751163558,23.05138217533379,24.242939578880698,15.97178745572336,76.75015730606081,17.183912078993785,597.3147897936436,938.9509061881299,971.4848244033974,652.7796712837674,3154.167624509015,691.1699371494541,12.219792732855836,18.966926327146794,19.86409853377303,13.357975651170356,63.94799826926028,13.919598186739183
46,2020-11,2020,11,33881,52655,57726,37467,170738,39561,49274,1.2455195773615428,42199.44880058643,65582.83334597205,71898.86312277243,46665.882005004925,212657.5215995551,76.83946842105263,549.18975453277,853.504516540923,935.702245215864,607.3165648321861,2767.5558663975708,641.2589911475729,1.0076823248592153,545.0028654710185,846.997605778356,928.5686789699246,602.6865311119109,2746.456693863545,636.370188627814,46.92,11.70481147768052,18.190633344861954,19.94250309496726,12.943660802050003,58.984566632514294,13.667071422582543,598.0967816462559,945.1534014844365,966.8187038932316,648.2750601395071,3194.918128162683,691.4970162416678,12.016905319770744,18.778881679991695,19.551237717784204,13.013383586640543,63.28592040378442,13.721498345142175
47,2020-12,2020,12,34023,52849,62389,37565,240054,40494,69278,1.7108213562503087,58207.27500370426,90415.19785647257,106736.4335951005,64267.00424754285,410689.50985331164,74.2167043478261,784.2880590723673,1218.2594019902872,1438.1726396104377,865.9371877569139,5533.653285499752,933.4556230807525,1.0119695951426386,775.0114853616928,1203.8498071857305,1421.1619069520812,855.6948666376273,5468.201131793664,922.4146926560383,50.97,15.387248559395083,23.901498959982092,28.216061204834958,16.98915416434989,108.56686846183544,18.31382427076226,599.4822869160902,950.4949721525383,961.8523432507766,644.4794139784764,3240.965905817522,692.0478220060638,11.742381368005667,18.460277008625464,19.05765759626917,12.612975976808173,62.37071058386695,13.42937331012281
48,2021-01,2021,1,32395,51872,60676,38176,171577,37031,49516,1.337149955442737,43316.972806567464,69360.64248872566,81132.91069644352,51047.03669898193,229424.1779049985,74.392475,582.2762692942729,932.3610014148024,1090.606418141667,686.1854871609249,3083.970225550346,665.604955339905,1.013951009246599,574.2646971937278,919.5325936975782,1075.600702791376,676.7442222586125,3041.5377049053322,656.4468591381675,55.81,10.433188842398724,16.705984615925505,19.541415841993675,12.29502754275085,55.25838067640828,11.926266893744938,601.5854623983863,955.4657428092736,956.8890036741732,641.8936341393446,3290.568739723328,692.8868126813907,11.41902331897005,18.030112844077625,18.409067496691893,12.193981535232396,61.28310507146723,13.06263683618449
49,2021-02,2021,2,34505,60362,57359,40531,177513,40718,51229,1.2581413625423645,43412.16771452429,75943.92892578221,72165.73041406748,50993.72756520458,223336.44768898276,74.3168157894737,584.1499969199868,1021.8942794981668,971.0551999227221,686.1667446794374,3005.1939835750654,689.3325481694834,1.018064471275289,573.7848765002527,1003.7618523491742,953.8248581706418,673.9914455711272,2951.8700125254127,677.1010752452482,64.92,8.99799748798501,15.740823775387659,14.957720269912539,10.569419973497189,46.290726795672605,10.618184660651314,604.1528019859179,960.3024769528516,951.4464063292752,640.6816514982328,3342.942694811194,694.1133287485175,11.071296593389093,17.528455678286104,17.67081842290891,11.77365905904675,60.06885398918267,12.657609584099115
50,2021-03,2021,3,35565,59693,54196,40439,191300,42098,55208,1.311416219297829,46640.51783932729,78282.3683785453,71073.51342106513,53032.360492184904,250873.92275167466,74.39713333333333,626.9128358797958,1052.2229133185056,955.3259680399666,712.8280098451586,3372.091255554757,742.0716031173245,1.0231898835870934,612.7042946143763,1028.3750164042165,933.6741726675308,696.6722612093565,3295.665164058208,725.2530688788419,61.63,10.172202431929186,17.07322591787288,15.500989259126506,11.566250362569505,54.71509420014209,12.040752930672147,606.6876672404194,964.8183275249778,945.1183349041222,640.3651409436744,3396.822429880933,695.6748345944875,10.717827319966611,17.000866640854035,16.91191301670871,11.360536331126152,58.81662674907607,12.252756639727947
51,2021-04,2021,4,35565,59693,54196,40439,196172,42098,56614,1.3448144804978859,47828.32699890731,80276.0107843603,72883.56558506342,54382.95277685401,263814.94626823126,76.14393181818183,628.130513579373,1054.2666876730918,957.1815356093828,714.2125639993326,3464.687729787509,743.5129582641486,1.0303044348141797,609.6552556261289,1023.2574490114021,929.0278710505745,693.2053671380578,3362.7805653504556,721.6439463334394,65.69,9.562041613325817,16.04911992195299,14.571190982027444,10.872470147653107,52.74300091014628,11.31851055357206,608.711862517852,968.7431119027169,937.900669690557,640.0429056934248,3450.584145472094,697.5440493262189,10.363706388942548,16.470052566498225,16.1652982533459,10.951710561138539,57.579539583197835,11.863807998872305
52,2021-05,2021,5,36403,60909,52594,35181,194637,40873,56171,1.374281310400509,50027.962542509726,83706.1003351846,72278.95123920437,48348.590781200306,267485.99141242384,74.00427368421053,676.014506351187,1131.0981943066356,976.6861782554827,653.321603932124,3614.466815171167,759.0237320575795,1.0368705244374405,651.9758160913699,1090.876987674347,941.955774840247,630.0898603387217,3485.9384368479514,732.0332810785529,67.74,9.979546890333438,16.69764089617118,14.41816029311312,9.64454685462244,53.357939403176374,11.20495618626483,609.8574216559834,971.5095625163159,930.0690145393944,638.8482219253971,3503.325813309506,699.858864368344,10.01070050403017,15.940758367296183,15.437810925218129,10.543641799697562,56.40053314836606,11.49725453342725
53,2021-06,2021,6,36414,61385,53289,34958,203684,40837,58782,1.4394299287410925,52415.40142517814,88359.40617577196,76705.78147268409,50319.59144893111,293188.8456057007,72.61685714285714,721.8076282489445,1216.7891816351255,1056.3081974448842,692.9464235823201,4037.4763813988584,809.4814663261974,1.0454141657590013,690.4513559225506,1163.9302598809736,1010.4207806271436,662.8439199302611,3862.0830993499426,774.3165272095679,74.91,9.635664507394802,16.243347772461963,14.101030535908214,9.250386111097585,53.89769565343557,10.806053481860866,610.1967245327359,972.8815052888245,922.173322868153,636.6746088226065,3557.065980960506,702.9747767531594,9.666423949591886,15.422690047396578,14.741546402474237,10.138672196509567,55.35755759414677,11.16617740458335
54,2021-07,2021,7,38299,60649,54278,37513,250000,43096,55170,1.2801652125487284,49029.04747540375,77640.73997586782,69484.80740671988,48022.83761834045,320041.3031371821,73.88989130434783,663.54201650475,1050.7626768060936,940.3831319837285,649.9243234847564,4331.327296435612,746.6515246687566,1.050551165287788,631.6132316344434,1000.2013338572118,895.1331101766186,618.6508044153339,4122.909420836337,710.723617601451,73.97,8.97042066384683,14.205254519482137,12.713034094683366,8.786323151071468,58.555188541781966,10.093977621586543,610.1993197223262,973.0541692740092,914.8063804447141,634.0887441858063,3614.1200665958795,706.9883856070028,9.346712323194767,14.941084136867536,14.103018348966144,9.751239115851495,54.56494519322876,10.894282886923186
55,2021-08,2021,8,38299,60649,54278,37513,250000,43096,52355,1.214845925375905,46527.384095971785,73679.19052812326,65939.40713755337,45572.51519862632,303711.4813439762,73.58273333333334,632.3138865364037,1001.3108672431747,896.1260903267165,619.3370799665817,4127.483005668579,711.5120304491724,1.0536217777880774,600.1336531443503,950.3513389266482,850.5197113598015,587.8172727852949,3917.4237783254794,675.3011806028595,70.88,8.920906977093733,14.126846321150886,12.642862448176023,8.737825620296016,58.23198371428582,10.038262280603448,610.3315159387255,972.5061440566005,908.4882979715517,631.7928129027583,3675.3553482047114,712.0457418425111,9.0711544672641,14.527175620169599,13.55077981788827,9.405596461919096,54.118470288078115,10.70265489020692
56,2021-09,2021,9,39421,59942,57504,38851,261136,45283,54687,1.2076717531965637,47607.62818276174,72390.26023010843,69445.9564958152,46919.2552834397,315366.57094273786,72.92621818181819,652.8191008625644,992.6506822227705,952.276948225588,643.3797947188424,4324.460787977134,749.8949124669466,1.057862699203572,617.1113712148554,938.3549329890378,900.1895510093361,608.1883737872794,4087.9225548200816,708.8773552858196,75.86,8.60557739075355,13.085297682873325,12.553083947081307,8.481146779842373,57.00581054544073,9.885247989282187,611.0194526169284,971.9663441344485,904.0604011404233,630.4625034362257,3740.7271428748113,718.5889095982851,8.856229177172084,14.202283973146677,13.11373018144667,9.127137756259232,54.0626907714731,10.600239845231346
57,2021-10,2021,10,39680,59772,58080,38753,260954,45526,54649,1.2003909853709969,47631.51429952116,71749.76997759522,69718.7084303475,46518.75185608224,313246.8291965031,71.45009090909092,666.6403596340391,1004.194243347928,975.767945754662,651.0663774419838,4384.134788506578,764.8555698764935,1.0677002464214813,624.3703341535792,940.5207563767069,913.8969003941501,609.7838598652635,4106.147585149019,716.3579594928389,82.1,8.119858217223376,12.231354973787187,11.885115051822925,7.930162940828062,53.39993652261362,9.31614579630321,612.5416629126498,971.7997237127496,902.3605151872307,630.7296870442452,3810.1377638704857,727.0330921538099,8.711311361294683,13.970911567605894,12.813381556070524,8.935246216406902,54.398348274537376,10.584526485612418
58,2021-11,2021,11,40688,61634,60189,38577,265681,47976,55639,1.159725696181424,47186.919126229775,71478.53355844588,69802.72992746373,44738.738181590794,308117.0826871769,72.69891052631579,649.0732637478646,983.2132701984832,960.1619807245436,615.3976429316107,4238.262725761807,765.3347154337288,1.0768348358091353,602.7602768442665,913.058565253134,891.6520424444445,571.487495080153,3935.8521704743794,710.7261856537684,69.34,9.360733541215238,14.17959720505456,13.847158649041585,8.875074169766522,61.12291211078464,11.037420182199723,614.8598876451199,971.8947825950701,903.7317254608071,633.0012859167579,3882.2240708982936,737.2260446024429,8.633551578800152,13.820828446292493,12.650687492543717,8.835208163788854,55.055552676569846,10.64183697855576
59,2021-12,2021,12,40388,61437,58588,40040,372429,53125,77994,1.4681223529411764,59294.52559058824,90197.03299764705,86014.35241411765,58783.619011764706,546771.3397835294,73.76931304347826,803.7830792275529,1222.690428803188,1165.9909637957776,796.8573460500945,7411.907705596669,1057.2688938289527,1.0845944087815655,741.0909301390587,1127.3250340436107,1075.047920545389,734.7053788939266,6833.805932969186,974.8057755679283,76.8,10.46592551077543,15.920448291708178,15.18217400775752,10.375746693360606,96.50921491662329,13.76652205506449,617.669637137498,971.9051360070604,907.9183399435611,637.398878283608,3954.2239444193633,748.4583409056437,8.611698087509293,13.733419698621335,12.608651633494455,8.821288818261893,55.93077895867523,10.755184383486764
60,2022-01,2022,1,39409,60695,53465,42710,266054,52697,55717,1.0573087652048503,41667.481127957944,64173.35550410839,56529.01313167732,45157.65736189915,281301.2262178112,76.59474666666667,543.9992028342493,837.8297245813079,738.0272876635576,589.5659862734601,3672.5916392413756,727.4258669785187,1.0907047345368588,498.75936686498875,768.154476689855,676.6517686172352,540.5367443681309,3367.1730973102012,666.9319788800608,92.04,5.910465046004447,9.102887055424901,8.018549409643171,6.4055409199637126,39.90212558932394,7.903366655568433,620.5256326386143,971.5011786414503,914.253041087191,643.7062216535984,4022.3854314045357,759.8440059733094,8.62942300333261,13.689178989228692,12.66167683764963,8.880587065519537,56.921089152063864,10.907164307460278
61,2022-02,2022,2,40114,60989,51285,46687,273823,53557,57344,1.0707097111488695,42950.44935302575,65301.5145732584,54911.34753626977,49988.22428440727,293184.9452359169,77.16937368421053,556.5737714651656,846.2102445003984,711.5691745921877,647.7728391183672,3799.2396625593565,743.0927226993037,1.0989895946791501,506.4413477250958,769.9893143642087,647.4758069023667,589.4258164541443,3457.029694324398,676.1599257145374,94.28,5.903412934505362,8.975501108404735,7.547403209505597,6.87073439879473,40.29740838522864,7.881764135546285,622.817825491761,970.331733801208,921.5035232645722,651.6665260234065,4081.9976246001597,770.5005832529725,8.6796421907726,13.688206363783173,12.795471169107891,9.010871751785244,58.00644292644744,11.095555740000647
62,2022-03,2022,3,41293,61055,56491,42952,318771,56013,66757,1.1918126149286772,49213.51830824987,72766.11920447038,67326.6864299359,51190.735436416544,379915.29907342937,103.47004545454546,475.63058556758284,703.257825825897,650.687705163062,494.73966317048456,3671.741878574188,645.1818949797065,1.1106463349632685,428.2466619613101,633.196908581304,585.8640006988198,445.45202878362414,3305.9505649884672,580.9066979013118,82.91,5.736709511127522,8.482183401590847,7.848120916211097,5.967189279586113,44.285874786807234,7.781713846094639,624.2941036491419,968.5155487095781,928.5431711235912,661.1109674515202,4131.135240598578,779.7352484396671,8.762091904991907,13.739866203984942,12.996672107582597,9.216417713254813,59.19672170661548,11.32110321065308
63,2022-04,2022,4,40619,60997,62169,42065,297340,56124,62269,1.1094897013755256,45066.36218017247,67675.54331480294,68975.86524481505,46670.68428836149,329895.66780699877,77.89918636363636,578.5216031628493,868.7580252621758,885.450393831241,599.116453803522,4234.905179458913,799.3536634558151,1.1153237082184269,518.7028652757291,778.9290399375576,793.8954290190995,537.1682224531265,3797.0188818308006,716.7010416488595,79.41,7.285248749059933,10.940158988316028,11.150363856330953,7.544597075979373,53.32962069586845,10.06615871371131,625.1638270665326,966.3389861394242,934.8226476386179,671.7585489646126,4171.828673194801,787.351660264597,8.879740913638022,13.850146580101798,13.256443326869082,9.498987957994228,60.52629632892709,11.582343488245286
64,2022-05,2022,5,40148,64140,58393,42916,298238,56123,62457,1.1128592555636727,44679.07339237033,71378.79265185396,64983.19051012954,47759.46781177058,331896.91866079863,63.312741176470595,705.6885006421861,1127.400130297644,1026.3840943010655,754.3421264710586,5242.182102583549,986.4839025989193,1.1253466509080514,627.0854408041827,1001.8247527443526,912.06038021517,670.3197862297575,4658.282048783448,876.6044683235316,98.03,7.198699384292421,11.500562381899867,10.470101951454305,7.695013021228793,53.475284123059765,10.063081736192178,625.7480320067847,963.918895738823,940.1942440639707,682.9439345432579,4207.376079266981,793.5844869245449,9.032308889073091,14.011745799633799,13.561875663741331,9.84802152712582,62.02814465691855,11.869171521384654
65,2022-06,2022,6,39941,65037,63401,44040,317887,56538,66572,1.177473557607273,47029.47136439209,76579.34776610421,74653.00102585871,51855.9354770243,374303.5368071032,57.178557142857144,822.5018908205715,1339.301857071618,1305.6118369573883,906.912277402618,6546.222141841191,1164.2826144366306,1.139394220296169,721.8764815278543,1175.4508081702274,1145.8824467426325,795.9600472318344,5745.353122942466,1021.8435320252828,90.99,9.039475665683828,14.719220321701485,14.348959632458383,9.96716427522385,71.94441303265404,12.795720567497865,626.4060031146412,961.6815410563734,945.0074103444397,693.8163352692958,4242.2633135273545,799.1563434980178,9.219580312098763,14.219723190784174,13.906043661679522,10.242641021322129,63.7596075684812,12.176054513708767
66,2022-07,2022,7,40651,65534,58596,47117,297011,57741,62200,1.0772241561455465,43790.23917147261,70594.80784884225,63121.02665350444,50755.57056510971,319947.4238409449,58.221399999999996,752.1330502439415,1212.5233651001565,1084.1550813533245,871.7682942201616,5495.357786671995,1068.3356978705426,1.139320834588615,660.1591293777411,1064.2510241972125,951.5801418173752,765.1648839854131,4823.3628490224655,937.6952175690673,82.81,9.082635554207723,14.642233608261762,13.092079233828334,10.527331170392001,66.36104077613808,12.90104694928804,627.2768510785149,959.9104249074443,950.0288520247977,703.6128608666302,4279.8890848897745,804.6403876241437,9.437696784325327,14.468067422501985,14.292876811776704,10.650194831607735,65.77039278317675,12.498704446435774
67,2022-08,2022,8,43712,64575,66958,44064,286062,55943,59907,1.0708578374416817,46809.33779025079,69150.6448527966,71702.49907942013,47186.27974903026,306331.73469424236,60.391918181818184,775.0927474985119,1145.03143689871,1187.2863329750494,781.3343435618235,5072.396173474545,991.9704788915916,1.1402169127019073,679.7765748464637,1004.2224634130307,1041.2811104174946,685.2506175428848,4448.62386881701,869.9840072894336,78.14,9.919282665709137,14.653588903234066,15.194347747313149,9.999159758917628,64.9142074926356,12.694784731143992,628.1734995635321,958.2909010441142,955.5876607898729,711.7547564412423,4320.13722503303,809.9367818597539,9.674012293877961,14.740161886144158,14.733096643705553,11.03555575842363,67.98247729430136,12.822541671626928
68,2022-09,2022,9,43675,60605,68361,51632,295478,57367,61879,1.0786514895323096,47110.10380532362,65371.67352310562,73737.69447591822,55692.93370753221,318717.7848240278,59.82150000000001,787.5112427024333,1092.7789093069484,1232.6286448169674,930.9852428898006,5327.813325042464,1034.393988783297,1.1445891559098669,688.0296206165066,954.7346344009934,1076.9179827124217,813.3794017555003,4654.782283698321,903.7251344226019,70.4,11.18623924293229,15.522427689019153,17.508929613877378,13.224222200139211,75.67916654889864,14.693096431580921,628.806005052625,956.0275035745245,961.4640871118992,717.9209661132021,4360.232212806705,814.4577406855238,9.914089316946324,15.018803305573124,15.22557524205648,11.377293113272703,70.21094236154958,13.130342809697282
69,2022-10,2022,10,42572,64798,68264,49187,298300,56782,62470,1.1001725899052517,46836.54749744637,71288.9834806805,75102.1816772921,54114.189179669615,328181.4835687366,61.11584285714286,766.3568938568994,1166.4566853363565,1228.849643010603,885.4363557770204,5369.826680388826,1022.1572194630852,1.1504677373255159,666.1263666884252,1013.8977804349472,1068.1304682800587,769.6316263812733,4667.5160946903425,888.4709986212101,75.04,10.212645173999192,15.544465422925859,16.375928078499506,11.799524997028522,71.5595239923884,13.621498127173309,628.6087647070692,951.9669765372299,966.5787766946016,721.8604431710128,4394.577932823708,817.2202197169896,10.139171267459853,15.281047588957373,15.743327001927229,11.667416545163123,72.22669476308965,13.403683211092964
70,2022-11,2022,11,42543,65261,68748,53790,301117,58256,63060,1.0824636088986541,46051.24931337544,70642.65758033507,74417.20818456468,58225.717522658604,325948.19452073605,60.85299523809524,756.7622453618585,1160.8739603356664,1222.9013197032898,956.8258274690166,5356.321299311915,1036.267808236383,1.1534997257691981,656.0575858457358,1006.3929226871302,1060.1661122093567,829.4980970463329,4643.539291472404,898.3684911978281,66.54,11.373042461103974,17.446257293893392,18.378438829325063,14.379708858867096,80.49776524364164,15.573606976801667,626.712040519307,944.9342794559847,969.5182030420303,723.1851740172526,4414.690233824962,817.0700670382993,10.322108412665068,15.491338273318995,16.229692738982443,11.8990473845143,73.76532751702679,13.615402422653931
71,2022-12,2022,12,43235,64828,63072,54511,422443,57819,88468,1.5300852660890019,66153.23647935799,99192.36763001782,96505.53790276553,83406.47793977759,646373.8100624363,65.81498695652174,1005.1393996789775,1507.1395166506015,1466.3155364069034,1267.2870085787151,9821.073283649504,1344.1923198806246,1.1541331602975597,870.9041852846784,1305.8627621981066,1270.490777709616,1098.0422815786542,8509.480206874417,1164.6769767312323,56.28,17.859619752647077,26.779309108930374,26.05393632563794,22.51753746586203,174.5037896881575,23.884014212519983,622.4796024646367,934.4285471819801,969.661714467089,721.7547625803169,4413.165419614724,813.3820490626433,10.442877107734635,15.619044615361231,16.636762289966793,12.072948403118117,74.66265291843021,13.747535716987926
72,2023-01,2023,1,42599,64878,59981,55354,302072,57340,63260,1.103243808859435,46997.08301360307,71576.25183118242,66173.66689919776,61068.957795605165,333259.06382978725,68.875975,682.3436330825527,1039.2049162452136,960.7655920543813,886.6510825524455,4838.538602608344,918.4624972641041,1.160096714637745,588.1782307224473,895.7916207613074,828.1771510355433,764.2906590157128,4170.8062280990425,791.7120061415791,56.05,12.173838235192735,18.540676471814695,17.141223765466215,15.818931000043632,86.3253987976511,16.386485232187407,616.1169366291157,921.2425483388041,967.1935558568698,718.0440310310714,4387.047545221147,806.108098962304,10.503419925416686,15.662681826811856,16.93049905045174,12.199749962718121,74.97072863088547,13.803406580035825
73,2023-02,2023,2,41821,64655,66443,57665,310830,55077,65094,1.1818726510158506,49427.096138133886,76413.97625142982,78527.16455144616,68152.68642082902,367361.47611525684,72.78275000000001,679.1045424655414,1049.8913032474015,1078.9254947284371,936.3851519876483,5047.370099580695,894.3602708059258,1.1645500683645802,583.1475699617041,901.5424340851243,926.4741156587721,804.0746185371385,4334.180415848414,767.9878221654379,60.27,11.267704371420962,17.419799290648772,17.901534672779775,15.536504927619848,83.74597809159938,14.839227987488398,608.1659105578665,906.7886328327061,962.6918579889275,712.5469944588123,4336.313412548153,795.3564464340299,10.51170328503929,15.637225680892643,17.101530077757882,12.281999832980079,74.76755067569928,13.789248604550949
74,2023-03,2023,3,46303,66577,67975,58604,340626,56201,71334,1.269265671429334,58770.80838419245,84503.90060675077,86278.33401540898,74384.04540844468,432344.88859628834,76.10358636363637,772.2475535301998,1110.3800049970866,1133.6960337605626,977.4052572637587,5681.005446057012,937.3277056767542,1.1654577336948546,662.6130928677617,952.7415477152012,972.747445903853,838.6449624089648,4874.484317888132,804.2571417027206,58.5,13.200812880858116,18.980854786274985,19.37941938052244,16.707782175448866,97.11120420610277,16.02269582353426,599.6495297592662,892.920925013647,956.9583175072614,706.115348137567,4270.431834502393,782.5793846198837,10.484662974446346,15.572347773609678,17.170593905797002,12.326691095030819,74.2291496311584,13.723563851908873
75,2023-04,2023,4,48022,62162,68699,56030,340006,57391,71204,1.2406823369517868,59580.0471850987,77123.29542959697,85233.6358662508,69515.4313394086,421839.4386576292,80.99554285714287,735.596615361711,952.191845489873,1052.3250151750071,858.2624288600364,5208.180892146806,879.1101027075915,1.1704325121858898,628.4827255763059,813.5384446144336,899.090724342315,733.2865585365129,4449.791711971545,751.098498678726,62.2,11.826312144078955,15.308550570576736,16.918408604099792,13.798431332154925,83.73281177084897,14.133602937421085,591.575352224386,880.9184650530389,950.4068015326812,699.5684403613741,4205.849971368058,769.7443469294152,10.440336887969954,15.493977065991208,17.16596947434162,12.342283112058821,73.61839368479397,13.630065380378834
76,2023-05,2023,5,46894,68376,67923,51950,347870,59340,72851,1.2276879002359284,57571.19639366363,83944.38786653185,83388.24524772496,63778.38641725648,427075.78985507245,79.2125947368421,726.7934674394277,1059.7353633649998,1052.7144770948998,805.1546175092392,5391.513701500271,919.6896054475122,1.171718693270917,620.2798262188204,904.4281442729999,898.4361887717176,687.1569277960446,4601.372097640232,784.9064888434513,53.6,13.559579616407232,19.771182152332084,19.64019546818843,15.02154137144103,100.58794219216924,17.158388161334184,584.4976267768452,871.144639757504,942.854087716227,693.2706617060115,4156.0136222390565,758.2586262803615,10.386770920840858,15.410496642477153,17.103883875283458,12.329524958783379,73.1109878575187,13.52246648606812
77,2023-06,2023,6,48169,72319,148931,48529,365791,63272,76604,1.2107093184979139,58318.65716272601,87557.28720445064,180312.14951321282,58754.512517385265,442866.5723226704,83.31933333333333,699.9414761207005,1050.8639916039972,2164.109364531795,705.1726192086502,5315.291836900645,919.402459613215,1.17418290808247,596.1094062114719,894.9746963359721,1843.076874680411,600.5645409710918,4526.800552378097,783.014684751858,57.47,12.179249627992004,18.28543573349569,37.65633138214364,12.27027352024796,92.48811270055063,15.997954752274492,582.2145530059607,869.5501798701113,937.1754923391082,690.4813631263037,4152.250953790494,753.5570824091399,10.28651650657906,15.280701594043888,16.860911358094416,12.212644543953918,72.53838478732544,13.360130986369105
78,2023-07,2023,7,44616,72911,149857,56008,341032,65944,71419,1.083024990901371,48320.24299405557,78964.43511160986,162298.87606150674,60658.063690403986,369346.17869707634,90.47404761904761,534.0784928459711,872.7854803633808,1793.872169231188,670.4471092728427,4082.343925323812,789.3865907350438,1.1765969116204336,453.9179795316879,741.7880089123832,1524.6276371409392,569.8188586518463,3469.6197865261465,670.9065636147933,70.23,7.604705864245638,12.427530690066648,25.542818869873102,9.546448943084759,58.128206255500665,11.24001980257787,580.4187662001951,868.1413871405281,930.9263816110596,687.9698570554054,4153.787606926039,749.8116696435633,10.194051032695143,15.156343332443944,16.64164501816986,12.097228023296243,72.07438811315097,13.209288832682608
79,2023-08,2023,8,46418,74330,57710,59490,331578,68787,69439,1.009478535188335,46857.97464637214,75034.53952054895,58257.00626571882,60053.87805835406,334720.8737406778,95.28534782608696,491.7647436402965,787.4719590413899,611.3952207221662,630.2530182076187,3512.826277882766,728.7479301302312,1.1826184020455301,415.8270688074105,665.8715589739933,516.9843625506411,532.9301633709521,2970.3801934814846,616.2156185543398,71.12,6.914577385268511,11.072440368973423,8.596670707567016,8.86182534037709,49.39294541454958,10.24673692534071,578.4614652952558,866.3783568912537,924.4787024934033,685.1360348717213,4151.435382679245,746.0771290411502,10.094292353390953,15.02043180291296,16.429978358113836,11.970080956883002,71.5429675897604,13.051831014095034
80,2023-09,2023,9,52237,81084,64809,61705,338659,70651,70922,1.0038357560402542,52437.36838827476,81395.01844276798,65057.591513212836,61941.685326463885,339958.01330483647,96.62225909090908,542.7048475335063,842.4044232518489,673.3188824740895,641.0705556799779,3518.423358172363,734.0130593849141,1.1868709106780067,457.2568445741779,709.7692054569108,567.3059103701954,540.1350306190947,2964.4532750090266,618.4438870151472,82.02,6.61673796066211,10.270719620237125,8.20920363904035,7.816027257741745,42.89713921205027,8.949196042244747,576.3629868345427,864.4470371219059,918.0772428322954,682.099982768909,4145.466622272308,742.3050634388976,9.985493582829053,14.872371164353233,16.216393880030363,11.831169881105911,70.92740411571636,12.885386296060295
81,2023-10,2023,10,55677,81888,119812,63433,352545,72156,73830,1.023199733909862,56968.69158489938,83787.77981041078,122591.60651920838,64904.62872110427,360723.9501912523,97.12228095238095,586.5666562426713,862.7039953014687,1262.2397797608876,668.2774342267251,3714.1214832888368,760.1757215339583,1.1878094752535668,493.8221730530095,726.2982938550002,1062.6618208205755,562.613321538006,3126.866354131387,639.9811900571683,75.8,7.738346388425744,11.38131919922782,16.652239838534136,8.816324989798485,48.998964159483336,10.028703450316073,574.2222805899489,862.5429875968421,911.8588139112123,679.0489370678804,4137.038104676453,738.5704281482983,9.869162222393301,14.714872630441594,15.99821590248016,11.6835562253625,70.24065476666584,12.711298734916678
82,2023-11,2023,11,50459,76548,132605,61620,350411,71829,73383,1.0216347157833188,51550.666123710485,78204.09422378149,135473.871486447,62953.131186568105,357992.0423923485,90.41279047619048,570.170059481639,864.9671557740046,1498.3927691306353,696.2856787740262,3959.5287404233254,811.6440120197911,1.1897136412443126,479.2498292995131,727.0381088253657,1259.4566601451065,585.2548501047582,3328.1359506663166,682.2179589122798,64.6,8.826161911480481,13.389584454705954,23.194934506666183,10.778416080093287,61.293014557636624,12.564148792876026,572.1428309544552,860.8265162814515,905.9032681837898,676.1567852296935,4127.204013194677,734.9626567816382,9.747658305974376,14.551271932439928,15.775528817491994,11.530997352890395,69.50081156004819,12.531758426063
83,2023-12,2023,12,51203,77748,67137,63502,495726,73607,103815,1.4103957504041735,72216.4936079449,109655.44880242368,94689.739494885,89562.95094216583,699169.8437648594,90.81718636363637,795.1853222889619,1207.430588780388,1042.641192557351,986.189448586873,7698.65123287733,1143.1206378087927,1.1924868485087252,666.8294273294399,1012.5315765874909,874.3418796284712,827.0023688899888,6455.963218801905,958.6023017682184,59.7,13.319687140518623,20.224967986271157,17.464676592250434,16.519086240986148,128.9556320414963,19.1477493770317,570.2269984854402,859.4392055152987,900.2031975981333,673.5804459839475,4116.96397950218,731.5746171318996,9.623575450177272,14.385035648813453,15.548519621665763,11.377225596094782,68.72801488134273,12.349209064018389
84,2024-01,2024,1,51164,83264,79697,65250,358294,69710,75034,1.076373547554153,55071.57618706068,89623.16706354899,85783.74261942333,70233.37397790847,385658.18384736765,88.6802875,621.0126031341596,1010.6323467157115,967.3372181999672,791.9840582148369,4348.860324199643,846.1181409679124,1.1961290970468046,519.1852657605397,844.9191222008751,808.7230889945613,662.1225586520837,3635.778391259612,707.3802845001803,72.21,8.600091443486493,13.995739464280732,13.396166987951354,10.967789201147166,60.22518105802027,11.717464907463128,568.5689773404729,858.5016128989892,894.7054000304249,671.4501544154308,4107.28523473633,728.4928642414851,9.499226045991087,14.219227572916871,15.316603938165239,11.225297159173346,67.94201215243336,12.165761005720412
85,2024-02,2024,2,53255,83786,83023,63115,374520,68648,78432,1.1425241813308473,60845.12527677428,95727.53105698638,94855.78510663094,72110.41370469643,427898.15639202896,91.518255,664.8414054307993,1045.9938408679927,1036.4684631129705,787.9347536149638,4675.5497730155475,857.0093474793636,1.2014167303963599,553.3811779127308,870.6336564190416,862.7052020251365,655.8380066465496,3891.6969064289915,713.3322899512372,74.59,8.91327799210081,14.023244950636716,13.895541803364667,10.56354408922059,62.68333252467552,11.489601119176344,567.229762262405,858.080709012456,889.3714635597685,669.8398920561095,4099.007337514507,725.7848807551908,9.376201579570036,14.056057618728016,15.079003847503582,11.07714503405191,67.16024970167041,11.983202707813971
86,2024-03,2024,3,55460,80341,81227,64900,418967,68377,87740,1.2831800166722729,71165.16372464426,103091.96571946707,104228.8632142387,83278.38308203052,537610.0820451322,91.73163333333333,775.7974118485945,1123.8431277556424,1136.2368621028809,907.8480351419722,5860.683632347098,956.4857488274673,1.2059589194533924,643.303349172316,931.9083010431488,942.1853794305752,752.801791584625,4859.770542601473,793.1329445790739,77.43,10.019338910610802,14.514311349033221,14.674375075589316,11.724758299650938,75.69008953050623,12.352909064025148,566.2656676747307,858.2203948981447,884.1945551083998,668.7999414821869,4092.9562044886743,723.5093802430545,9.255981970994144,13.897286914398869,14.835711656030563,10.934268833745701,66.399692385404,11.80318572937295
87,2024-04,2024,4,55576,81785,76286,65830,418967,70229,87740,1.2493414401458087,69433.39987754346,102177.38968232497,95307.26110296317,82244.1470047986,523432.83515356906,92.95856666666667,746.9284689653146,1099.1713119751018,1025.266035401756,884.7398357562017,5630.818696145656,943.8613690615567,1.209732489783937,617.4327591207532,908.6069203377502,847.5146729215089,731.3516361904274,4654.598222084076,780.2232121831613,79.53,9.39178258475185,13.82083882780211,12.891563377363962,11.124605001335366,70.80119069716655,11.867991563706234,565.7224010818288,858.9430553571532,879.1760381306715,668.3639690215662,4089.8469997135244,721.7125895179138,9.139893958039934,13.744285567055865,14.587265426146429,10.797923423490126,65.67538416534723,11.627194889570006
88,2024-05,2024,5,56274,82843,82051,65497,418967,71589,87740,1.225607286035564,68969.82441436533,101532.98439704423,100562.30342650406,80273.60041347133,513489.00780846213,90.60715263157894,761.1962456739597,1120.584649755977,1109.8715775277049,885.9521360292024,5667.201682149516,968.3562219062641,1.2098020130858305,629.1907580252604,926.2545752405489,917.399347598014,732.311672857456,4684.4042420579535,800.4253683098833,71.48,10.649080101762166,15.676897730217918,15.527022629094919,12.394405932137694,79.28373925782759,13.54723309885652,565.6129351836395,860.2377407136919,874.3042542092011,668.528607209633,4090.0286188193268,720.407445365056,9.028791951186939,13.597931470918146,14.334422878680574,10.668847435174117,64.99662302018824,11.45627625219202
