year,month,appraiser,estimator,lawyer,auditor,actuary,all,official,avg_rate,appraiser_usd,estimator_usd,lawyer_usd,auditor_usd,actuary_usd,price_index,appraiser_real,estimator_real,lawyer_real,auditor_real,actuary_real,oil_price,appraiser_barrels,estimator_barrels,lawyer_barrels,auditor_barrels,actuary_barrels,appraiser_real_smoothed,estimator_real_smoothed,lawyer_real_smoothed,auditor_real_smoothed,actuary_real_smoothed,appraiser_barrels_smoothed,estimator_barrels_smoothed,lawyer_barrels_smoothed,auditor_barrels_smoothed,actuary_barrels_smoothed
2017,1,28510,43899,32084,34436,60000,33609,34422,59.629856249999996,478.11619535809297,736.191612066816,538.0526135345161,577.4959418923637,1006.2073560675404,,,,,,,53.95,8.862209367156495,13.645813013286672,9.973171705922448,10.70428066528941,18.650738759361268,,,,,,10.83393637163006,15.111705554969381,12.286998681446924,12.325132453246248,46.23400507925078
2017,2,29313,42660,31609,39482,123000,35021,35497,58.539361111111106,500.74000541895606,728.7404438703874,539.9614789099643,674.452184831004,2101.1503655897245,,,,,,,52.31,9.572548373522386,13.931187992169516,10.322337581914821,12.893370002504378,40.16727902102322,,,,,,10.652696947244058,14.825372239517103,12.210495113417602,12.042274704047635,45.12454316778752
2017,3,28905,42439,31497,31248,123000,33682,37899,58.006631818181816,498.3050919177815,731.6232415118052,542.9896377835795,538.6970251598975,2120.4471996501343,,,,,,,50.6,9.847926717742718,14.458957342130537,10.731020509556906,10.646186267982165,41.90607113933071,,,,,,10.466966455013337,14.536264260153061,12.121630715347575,11.759170602837287,44.008145995461526
2017,4,31276,40788,31332,33954,123000,32589,39225,56.43561428571428,554.1890594414419,722.7351117949077,555.1813406579888,601.6413647613095,2179.4748149155057,,,,,,,49.36,11.227493100515437,14.642121389686135,11.247596042503826,12.188844504888767,44.1546761530694,,,,,,10.277610990081895,14.245349831602484,12.021087539847997,11.476423014517414,42.887432834288234
2017,5,30648,41852,33726,38347,123000,30967,39679,56.950068421052634,538.1556308836743,734.8893716961478,592.2029759587184,673.344230536944,2159.786694031974,,,,,,,48.15,11.176648616483373,15.262499931384172,12.299127226556976,13.984303853311403,44.855383053623555,,,,,,10.085835100440518,13.95379715889959,11.910422571774552,11.194895783647953,41.766570876988325
2017,6,32103,42041,43552,33165,123000,31165,41454,57.89317619047618,554.5213117065282,726.1823027584385,752.282097232119,572.8654425675796,2124.6027268449357,,,,,,,46.08,12.033882632520143,15.759164556389724,16.325566346183138,12.431975750164488,46.106830009655724,,,,,,9.892665811641763,13.66271389287249,11.791887604916143,10.915251607021258,40.649725919471166
2017,7,31357,41293,43720,31262,123000,30777,38073,59.69267619047619,525.3073241337256,691.7599048204206,732.4181589797009,523.7158391130698,2060.5542899017205,,,,,,,51.74,10.152828065978461,13.369924716281805,14.155743312325104,10.122068788424233,39.825169886001554,,,,,,9.698717766221046,13.372814520895377,11.668007754833484,10.637467344494535,39.53989523487477
2017,8,29287,40862,41361,32359,123000,31293,37099,59.61272608695652,491.2877152653501,685.4576645328211,693.8283604018897,542.8203359262287,2063.3178194297147,,,,,,,51.69,9.504502133204683,13.26093373056338,13.422874064652538,10.501457456495043,39.917156498930446,,,,,,9.50401029921392,13.08421292402109,11.540976520311974,10.360780162217646,38.43807592564497
2017,9,30053,42044,36675,26171,123000,31901,38047,57.744690909090906,520.4461142118379,728.1015680937846,635.1233234192644,453.21915466136517,2130.06595175377,,,,,,,56.27,9.249086799570604,12.939427191999016,11.287068125453427,8.054365641751646,37.854379807246666,,,,,,9.307981014333867,12.796578376029506,11.412399008444575,10.083953786870076,37.34383733546272
2017,10,31400,42258,43816,31213,123000,31809,38333,57.69805238095238,544.2124769252341,732.3990716530747,759.4017162087918,540.9714663142463,2131.7877280829234,,,,,,,61.15,8.899631674983388,11.977090296861402,12.418670747486374,8.846630683797978,34.861614523024095,,,,,,9.109374510420094,12.508908493176635,11.283197086025673,9.805070448483933,36.25453974906329
2017,11,31414,45180,47362,35440,123000,32441,38848,58.92655238095238,533.1043261603469,766.7171788350566,803.7463263387772,601.4266670631786,2087.344245168481,,,,,,,63.33,8.417879775151539,12.106697913075267,12.691399436898424,9.496710359437527,32.95980175538419,,,,,,8.905726657766651,12.21896300058554,11.15347063806663,9.52161218964492,35.16404868164785
2017,12,34692,44498,51943,33322,123000,31979,51197,58.573854545454545,592.2779074250317,759.6904855470732,886.7949770949621,568.8886322845874,2099.9130235581374,,,,,,,66.73,8.875736661547005,11.384541968336178,13.289299821593916,8.525230515279295,31.46879999337835,,,,,,8.691759082058894,11.921855078348019,11.018914073527815,9.229631426436494,34.06021553944347
2018,1,33147,43983,36187,34444,123000,32837,39017,56.4981,586.692295847117,778.4863561783493,640.499415024576,609.6488200488158,2177.064361456403,,,,,,,66.67,8.79994444048473,11.676711507099885,9.6070108748249,9.144275086977887,32.654332705210784,,,,,,8.45438780511745,11.605845484431795,10.853161674401074,8.92250763312545,32.91725664719372
2018,2,34081,44014,38075,37933,123000,33658,40443,56.80670526315789,599.9467816716226,774.8029003988967,670.2553831210067,667.7556782121903,2165.237350594454,,,,,,,63.83,9.399134915739035,12.138538311121678,10.500632666786883,10.461470753755137,33.9219387528506,,,,,,8.215141050625906,11.33349446054294,10.617938468343203,8.679045807418573,31.95578979456452
2018,3,32660,42915,37517,36030,123000,33427,42364,57.06360476190476,572.3437931457771,752.055538360411,657.4593413181298,631.4007001543891,2155.4894842905874,,,,,,,67.67,8.45786601368076,11.113573789868642,9.715669296854289,9.330585195129144,31.85295528728517,,,,,,7.999039413534958,11.09971425865627,10.401248248212354,8.485628196115231,31.114267991424978
2018,4,33081,43668,45736,35293,123000,35045,43381,60.769890476190476,544.36497648389,718.5795409177023,752.6095512368789,580.7645813320617,2024.0286601831406,,,,,,,73.17,7.439729075903922,9.820685266061258,10.285766724571257,7.937195316824678,27.662001642519346,,,,,,7.810895373361216,10.906896963101753,10.229038993463075,8.337446780691817,30.404997141115082
2018,5,31993,44563,44004,36347,123000,34609,44076,62.2309,514.1015154850726,716.0912022805392,707.108526471576,584.0667578325238,1976.5100617217493,,,,,,,75.75,6.786818686271586,9.453349205023619,9.334766026027406,7.710452248614175,26.092542068933984,,,,,,7.647349594400332,10.749449344075979,10.115214050282146,8.222317664016908,29.821149806373572
2018,6,32478,45787,36480,30633,123000,34354,45848,62.768504761904765,517.4251023374932,729.4581920292752,581.1831927234359,488.03138000814175,1959.5814886234268,,,,,,,76.44,6.769035875686724,9.542885819325946,7.603129156507535,6.3845026165376995,25.635550609934942,,,,,,7.503563163602264,10.621223298470003,10.065582086628556,8.129154120720498,29.34574712844405
2018,7,30733,47214,37653,30943,123000,33691,42413,62.86194761904761,488.8967199401198,751.0744065093813,598.9792143918696,492.2373736734821,1956.6686152550917,,,,,,,72.76,6.719306211381525,10.322627906945867,8.232259681031742,6.765219539217731,26.892092018349253,,,,,,7.376685319698053,10.517347305055225,10.075130623853456,8.051661346920703,28.965661309190235
2018,8,28164,45956,36699,28296,123000,33867,41364,66.07640869565218,426.2338186344741,695.4978472221948,555.4024609454113,428.231505896928,1861.4813127410994,,,,,,,76.89,5.543423314273301,9.04536151934185,7.223338027642233,5.569404420560906,24.209667222539984,,,,,,7.266063509990311,10.436721971094482,10.13049232488691,7.985642547988613,28.688202528545407
2018,9,28328,45474,44634,31193,123000,35494,41774,67.66609523809524,418.6439294350128,672.0352318246178,659.6213338888153,460.9841884660532,1817.749340599639,,,,,,,82.07,5.101059210856742,8.188561372299475,8.037301497365851,5.616963427148206,22.14876740099475,,,,,,7.17373697798512,10.381840425199654,10.221847191143896,7.932793662080903,28.533842366418046
2018,10,30012,44314,39587,37055,123000,35530,42332,65.85452727272728,455.73176580115006,672.9074193559965,601.12799589398,562.6796142130353,1867.7531385293037,,,,,,,73.29,6.218198469111066,9.181435657743164,8.202046607913495,7.677440499563859,25.484419955373223,,,,,,7.1039818574910365,10.35697088124116,10.350737840962301,7.8957082567316395,28.52207245700981
2018,11,30321,46465,36514,34758,123000,35243,42595,66.35568095238095,456.9465577749004,700.2414764358282,550.2769239336669,523.8134776273865,1853.6468654171283,,,,,,,57.91,7.890633012863071,12.091892185042795,9.502278085540787,9.045302670132733,32.009098004094774,,,,,,7.062371251475973,10.36683730311552,10.521838826201328,7.883846147676966,28.66649857247977
2018,12,31394,43051,41399,34605,123000,35622,55569,67.33531363636364,466.2338126104167,639.3524834901908,614.8185515786023,513.9205289349388,1826.6789498337662,,,,,,,50.62,9.210466468005071,12.630432309170107,12.14576356338606,10.152519338896461,36.08611121757737,,,,,,7.053558131377217,10.41465431096263,10.734568468775159,7.907116693295769,28.96880941839964
2019,1,30336,45729,67041,41491,123000,36121,42263,66.51254374999999,456.0944190320492,687.5244491006256,1007.945211838331,623.8071446485612,1849.275235394978,,,,,,,62.96,7.244193440788583,10.920019839590623,16.009294978372473,9.907991496959358,29.372224196235354,,,,,,7.080789702660898,10.500902447276477,10.98522913030765,7.973582224717432,29.420691837795125
2019,2,28234,42492,54937,31939,123000,34421,43062,65.810525,429.0195223332438,645.6717979380958,834.7752886031528,485.31750810375695,1869.001956753878,,,,,,,64.73,6.627831335288796,9.97484625271274,12.896265852049325,7.49756694119816,28.87381363747687,,,,,,7.145405763497999,10.626177120560444,11.27024153563587,8.088774156109272,30.013717721165495
2019,3,29371,44793,54195,31316,123000,34998,46324,65.09225714285715,451.2211020051101,688.1463628107622,832.5875054702577,481.1017680838932,1889.6256697636627,,,,,,,68.63,6.574691854948421,10.026903144554309,12.13153876541247,7.010079674834522,27.533522799995087,,,,,,7.245351458226939,10.787177199872813,11.589646615673026,8.248724279633079,30.73282542739696
2019,4,27998,45690,47546,23323,123000,36066,48030,64.60310476190476,433.38474370832245,707.2415508262466,735.9708202141545,361.0198006110867,1903.9332622374334,,,,,,,73.09,5.929467009280646,9.67631072412432,10.069377756384656,4.93938706541369,26.04916215949423,,,,,,7.372508088478795,10.973148272092754,11.935310918530428,8.439275137979354,31.5411234570043
2019,5,31602,47383,59349,34084,123000,35930,47926,64.81870555555555,487.5444476890116,731.0081186269362,915.6153226344899,525.835863395743,1897.6003754746037,,,,,,,67.68,7.203670917390832,10.800947379239599,13.528595192589979,7.769442426060031,28.03783060689426,,,,,,7.5189160602661715,11.175478207534304,12.290324676000091,8.646046780733498,32.409487538394465
2019,6,32115,46035,57608,40506,123000,36464,49348,64.16905,500.474917425145,717.4019250713545,897.7536678507786,631.2388916463623,1916.811921011765,,,,,,,66.27,7.552058509508752,10.82544024553123,13.546909127067732,9.525258663744715,28.924278270888262,,,,,,7.683210188212707,11.39541930085252,12.63488479751787,8.862938249290329,33.344567431904316
2019,7,31764,46782,49038,32665,150000,36577,46509,63.22268181818181,502.41462536100755,739.9559565432143,775.6393526776568,516.6658398632827,2372.5662323432543,,,,,,,64.89,7.742558566204462,11.40323557625542,11.953141511444857,7.962179686597052,36.562894626957224,,,,,,7.867708317262813,11.6434934453075,12.961000570662119,9.086658276002822,34.369825380838314
2019,8,32866,47396,49493,38858,150000,37587,44961,65.58748260869565,501.1017147293681,722.6378893480536,754.6104535720993,592.4606106904943,2287.021761376657,,,,,,,62.09,8.070570377345273,11.63855515136179,12.153494178967616,9.541965061853668,36.83397908482295,,,,,,8.073219773765905,11.931209660920816,13.277410091936162,9.308467444459495,35.49476349671386
2019,9,32053,47756,57981,32448,150000,37591,45541,64.958705,493.43656096592446,735.1747544844068,892.582449111324,499.5173472131257,2309.1593343802037,,,,,,,59.94,8.232174857623031,12.265177752492606,14.891265417272672,8.333622742961722,38.52451341975649,,,,,,8.293295500492473,12.256677314969819,13.598074683710065,9.515829563960203,36.68534994564495
2019,10,33436,48582,53437,37030,150000,38768,46549,64.37499130434783,519.3942449160651,754.6719465998408,830.0894325152462,575.2233786709502,2330.097402123752,,,,,,,60.15,8.634983290375146,12.546499527844402,13.800323067585142,9.563148440082298,38.738111423503774,,,,,,8.519489234212257,12.607142928355472,13.929221612867746,9.706211581419605,37.895594224532175
2019,11,33486,49291,54398,40048,150000,39800,46285,63.86711904761904,524.307350939581,771.7742828394819,851.7371819987856,627.0519258922637,2348.626370451447,,,,,,,65.15,8.04769533291759,11.846113320636713,13.073479386013592,9.624741763503664,36.04952218651492,,,,,,8.746009783578657,12.965939311543972,14.26378608112439,9.889164689603748,39.09098952889669
2019,12,33417,50252,56574,44590,150000,40559,62239,62.932538095238094,530.9971758874375,798.5058527903614,898.9626306567282,708.5364955807174,2383.504694709747,,,,,,,66.27,8.012632803492343,12.049281013888056,13.565152114934785,10.691662827534593,35.96657152119733,,,,,,8.961467409877,13.307795205750907,14.583015000723465,10.067924647684208,40.21663433505383
2020,1,34040,49844,50867,42098,150000,38823,46674,61.81214705882353,550.7008188472379,806.3787195834818,822.9288646387323,681.0635450009112,2426.7074861070996,,,,,,,58.37,9.434655111311255,13.814951509053998,14.098490057199458,11.668040860046448,41.57456717675346,,,,,,9.1521532160756,13.608434064008666,14.873245835295597,10.236982723513213,41.21465174729148
2020,2,34901,49741,50100,43113,150000,39057,47257,63.97975,545.5007248387185,777.4491147589666,783.0602651620239,673.8538365654757,2344.491811862347,,,,,,,48.86,11.164566615610285,15.911770666372629,16.02661205816668,13.791523466342115,47.983868437624785,,,,,,9.306907188791197,13.853954675441031,15.121603288379621,10.38430920742426,42.04120260648047
2020,3,32645,48893,49323,43870,150000,36456,50948,73.71944210526316,442.82755088388456,663.2307381027957,669.0636634169348,595.0940314680967,2034.7413886531683,,,,,,,15.11,29.306919317265688,43.893496896280325,44.27952769139211,39.38411856175359,134.66190527155317,,,,,,9.41994407836465,14.042413504053643,15.3150055927248,10.49717802024635,42.67266887141498
2020,4,31808,48127,50845,35045,150000,37726,49306,74.76353333333333,425.4480571187558,643.722920175879,680.0775422599075,468.7445662011694,2006.3257220766275,,,,,,,18.78,22.654316140508826,34.27704580276246,36.21286167518144,24.959774558102733,106.83310554188644,,,,,,9.491464345852897,14.18129624970412,15.44603383349739,10.572043309746908,43.097226114090574
2020,5,30840,47640,60783,32713,150000,39661,50747,72.50029444444445,425.37758275770983,657.1007795907035,838.3828019702295,451.21196059510254,2068.9571145803006,,,,,,,35.46,11.995983721311614,18.53076084576152,23.643057021157063,12.724533575722011,58.34622432544559,,,,,,9.527212495944546,14.281930760327096,15.517791937155208,10.612096190793286,43.3239537702272
2020,6,31640,51108,60107,34868,150000,39812,52123,69.196715,457.24713954990494,738.5899749720778,868.6395011670713,503.8967529022151,2167.7329624679437,,,,,,,44.16,10.354328341256906,16.725316462230023,19.670278559036944,11.410705455213206,49.08815585298786,,,,,,9.536225038554061,14.357419600086056,15.543409972759658,10.61902487132115,43.38386296215598
2020,7,33606,51657,57197,30991,150000,38648,50145,71.29407391304348,471.37157628260707,724.5623256570444,802.2686439515645,434.69251087824426,2103.9616866747324,,,,,,,43.57,10.818718757920749,16.629844518178665,18.413326691566777,9.976876540698743,48.28922852133882,,,,,,9.524109165570476,14.4160400103805,15.532743306159796,10.588974247869707,43.32866720459871
2020,8,33084,49227,54693,34397,150000,37144,47649,73.79810952380953,448.3041667798562,667.0496076070602,741.1165455715958,466.0959504511762,2032.5723920015241,,,,,,,45.1,9.940225427491267,14.790456931420405,16.432739369658442,10.334721739493927,45.06812399116461,,,,,,9.491027860709165,14.458557131190917,15.491967409445152,10.511695268251831,43.2168297064335
2020,9,32679,50587,51101,34864,150000,37923,49259,75.72798636363636,431.5313475137119,668.0093110767203,674.7967621193486,460.3846170237171,1980.7736505724406,,,,,,,40.49,10.657726537755295,16.49813067613535,16.665763450712486,11.370328896609461,48.920070401887884,,,,,,9.428933773715807,14.472450101562526,15.422033043856151,10.376693255655585,43.0591248826892
2020,10,33581,51556,54221,35722,150000,38433,49539,77.66354782608695,432.39075396347323,663.8378163646355,698.1524990516507,459.9583845949552,1931.4080311640803,,,,,,,37.12,11.648457811515982,17.88356186327143,18.80798758221042,12.391120274648578,52.03146635679096,,,,,,9.321462876129257,14.427505366270715,15.298515139998605,10.173514997063432,42.82128996811301
2020,11,33881,52655,57726,37467,150000,39561,49274,76.83946842105263,440.93225390816497,685.2598161073884,751.2545464745058,487.6009786363217,1952.1217817131944,,,,,,,46.92,9.397533118247335,14.60485541575849,16.011392721110525,10.392177720296711,41.605323565924856,,,,,,9.15421692417271,14.285445076526162,15.064480377531494,9.905054397503035,42.46925701005274
2020,12,34023,52849,62389,37565,150000,40494,69278,74.2167043478261,458.42779329767666,712.090363812389,840.6328541295226,506.1528981931994,2021.1083383197101,,,,,,,50.97,8.994070890674449,13.970774255687443,16.492698727281198,9.930408047737874,39.65290049675711,,,,,,8.931433509971528,14.031841697285339,14.683389613058992,9.594038320777182,42.03622465625884
2021,1,32395,51872,60676,38176,150000,37031,49516,74.392475,435.46071023984615,697.2748251755302,815.6201282454979,513.1701828713186,2016.3329691611953,,,,,,,55.81,7.802557072923242,12.493725589957537,14.614229138962513,9.194950418765787,36.12852480131151,,,,,,8.678988624799917,13.696064063127073,14.183334616189594,9.273348108077014,41.616395590615035
2021,2,34505,60362,57359,40531,150000,40718,51229,74.3168157894737,464.2959959122377,812.2253269165191,771.8172447335181,545.3812783746966,2018.3857234266238,,,,,,,64.92,7.151817558722084,12.511172626563756,11.888743757447907,8.400820677367477,31.09035310268983,,,,,,8.423443592924633,13.327240767531537,13.632064149897868,8.96442444771675,41.26665721283432
2021,3,35565,59693,54196,40439,150000,42098,55208,74.39713333333333,478.04261275300036,802.3561839748306,728.4689284622974,543.555889698259,2016.2067176423466,,,,,,,61.63,7.756654433766029,13.01892234260637,11.82003778131263,8.819663957459985,32.714696051311805,,,,,,8.175726452985142,12.958028512290028,13.080585073361517,8.67186347643999,40.96553334380985
2021,4,35565,59693,54196,40439,150000,42098,56614,76.14393181818183,467.07595931508894,783.9495357625644,711.7573089003391,531.0863129127761,1969.953434479498,,,,,,,65.69,7.11030536329866,11.934077268420832,10.835093757045808,8.084736077222958,29.98863502023897,,,,,,7.934666487876935,12.597353818726711,12.544979227024895,8.390071252350078,40.66632986077953
2021,5,36403,60909,52594,35181,155000,40873,56171,74.00427368421053,491.9040237505487,823.0470615779515,710.6886856889914,475.39146387847296,2094.473633528419,,,,,,,67.74,7.261647826255516,12.150089482993085,10.491418448316969,7.01788402536866,30.91930371314466,,,,,,7.701867993015452,12.248983712744861,12.029503102994655,8.116956764011775,40.369100399100915
2021,6,36414,61385,53289,34958,202500,40837,58782,72.61685714285714,501.45381434456385,845.3271377366137,733.8378731424029,481.4033734788066,2788.60870557407,,,,,,,74.91,6.694083758437643,11.284569987139419,9.79626048781742,6.42642335440938,37.226120752557335,,,,,,7.484809706211805,11.924097241616145,11.545828300034199,7.8563306560738235,40.116727133475756
2021,7,38299,60649,54278,37513,250000,43096,55170,73.88989130434783,518.325298953937,820.8023983983218,734.5795079929449,507.6878492822016,3383.412745462917,,,,,,,73.97,7.007236703446492,11.096422852485086,9.9307760983229,6.863429083171578,45.74033723756816,,,,,,7.2962867318206035,11.645855477132216,11.118270555355908,7.620575579929503,39.97770564848037
2021,8,38299,60649,54278,37513,250000,43096,52355,73.58273333333334,520.4889552893296,824.2286913324774,737.6458788791936,509.8071014848592,3397.5361973506465,,,,,,,70.88,7.343241468528917,11.62850862489387,10.406967817144379,7.192538113499706,47.93363709580483,,,,,,7.1518098300464255,11.440799367344814,10.772233596374631,7.42976405279677,40.02874891982803
2021,9,39421,59942,57504,38851,250000,45283,54687,72.92621818181819,540.5600479887269,821.9540447106939,788.5229953462303,532.7439289822689,3428.122371253436,,,,,,,75.86,7.125758607813431,10.835144275121195,10.394450241843268,7.022725138179132,45.190118260656945,,,,,,7.06325649561765,11.323509298643245,10.529295893832323,7.301924639506843,40.327631141198026
2021,10,39680,59772,58080,38753,250000,45526,54649,71.45009090909092,555.3526873812743,836.555968501853,812.8751029008168,542.3785961211322,3498.945863037263,,,,,,,82.1,6.764344547883975,10.189475864821597,9.901036576136624,6.606316639721465,42.61809820995448,,,,,,7.035301781301573,11.290679810152184,10.402383344127491,7.24722702176212,40.89879008308372
2021,11,40688,61634,60189,38577,250000,47976,55639,72.69891052631579,559.6782634764743,847.7981245357113,827.9216230924477,530.6406893956929,3438.841080149395,,,,,,,69.34,8.071506539897234,12.226681922926323,11.94002917641257,7.6527356417030985,49.5939007809258,,,,,,7.064392884209263,11.326132449931425,10.392702540443173,7.266699894565322,41.71324247245895
2021,12,40388,61437,58588,40040,250000,53125,77994,73.76931304347826,547.4905259887138,832.8259741796725,794.2055792964932,542.7731172771145,3388.9430399420235,,,,,,,76.8,7.128782890478044,10.844088205464486,10.34121848042309,7.067358297879095,44.1268624992451,,,,,,7.1432324738187996,11.413787367584101,10.493220840682316,7.355620261040661,42.70909778843687
2022,1,39409,60695,53465,42710,250000,52697,55717,76.59474666666667,514.5130928039277,792.4172693479762,698.0243727768275,557.6100432301189,3263.9314167063853,,,,,,,92.04,5.590103137808863,8.60948793294194,7.58392408492859,6.05834466786309,35.46209709589728,,,,,,7.262377735168262,11.541702044195016,10.68948134413288,7.507770726103661,43.815261325545016
2022,2,40114,60989,51285,46687,250000,53557,57344,77.16937368421053,519.817617856443,790.3264868985044,664.5771185064486,604.9938955193637,3239.6271741564233,,,,,,,94.28,5.513551313708559,8.382758664600175,7.048972406729408,6.416990830710264,34.361764681336695,,,,,,7.413207808884049,11.706359738949647,10.95745960073509,7.720592675534903,44.970889376242
2022,3,41293,61055,56491,42952,250000,56013,66757,103.47004545454546,399.0816841589199,590.0741584850424,545.964774170478,415.11531005240425,2416.158211796914,,,,,,,82.91,4.813432446736461,7.117044487818628,6.585029238577711,5.0068183578869165,29.14193959470407,,,,,,7.587531458482626,11.906617343291419,11.270068321294298,7.99356106712142,46.13195818594418
2022,4,40619,60997,62169,42065,250000,56124,62269,77.89918636363636,521.4303498676991,783.0248664634787,798.0699530004428,539.9928030523834,3209.276138430901,,,,,,,79.41,6.566305879205379,9.860532256182832,10.049993111704355,6.800060484225958,40.41400501738951,,,,,,7.77760055017285,12.13343027249337,11.604365659220768,8.319705985076933,47.26157146847352
2022,5,40148,64140,58393,42916,250000,56123,62457,63.312741176470595,634.1219674582738,1013.0662297691961,922.2946110837646,677.8414455374933,3948.652283166495,,,,,,,98.03,6.468652121373802,10.334246962860309,9.408289412259151,6.9146327199581075,40.28003961202178,,,,,,7.974422738103507,12.368913389853589,11.941135980786779,8.677622241433708,48.319290643862416
2022,6,39941,65037,63401,44040,250000,56538,66572,57.178557142857144,698.5310926998358,1137.4368863052807,1108.824761730109,770.2188058010757,4372.268425301293,,,,,,,90.99,7.677009481259873,12.500680144029902,12.186226637323982,8.464873126729044,48.052186232567244,,,,,,8.175327646158383,12.607564505622328,12.276818758005469,9.040569089344459,49.30891716701388
2022,7,40651,65534,58596,47117,250000,57741,62200,58.221399999999996,698.214058748158,1125.59986534161,1006.434060328333,809.2728790444751,4293.9537695761355,,,,,,,82.81,8.43151864204997,13.59255965875631,12.153532910618681,9.772646770250876,51.85308259360144,,,,,,8.380098865002568,12.849647956411065,12.624063112803707,9.38253189457461,50.24973228190613
2022,8,43712,64575,66958,44064,250000,55943,59907,60.391918181818184,723.8054580150775,1069.2655895709104,1108.7245117536045,729.6340524793278,4139.62675017774,,,,,,,78.14,9.262931379768077,13.683972223840675,14.188949472147485,9.337523067306472,52.97705080851984,,,,,,8.587062533318123,13.092336638899223,12.998203584879544,9.688588575000857,51.13321783581086
2022,9,43675,60605,68361,51632,257000,57367,61879,59.82150000000001,730.0886804911277,1013.0972977942712,1142.749680298889,863.10105898381,4296.11427329639,,,,,,,70.4,10.370577847885336,14.390586616395897,16.232239776972854,12.259958224201846,61.02435047296008,,,,,,8.791072799835778,13.328058267424995,13.396738228386297,9.955980083966862,51.93008612600751
2022,10,42572,64798,68264,49187,257000,56782,62470,61.11584285714286,696.5787921719619,1060.248815539763,1116.9607880491124,804.8158660754085,4205.128948327403,,,,,,,75.04,9.282766420202051,14.129115345679143,14.884871908970046,10.725158130002777,56.03849877835025,,,,,,8.980199640297963,13.53936711201239,13.792719469702186,10.18708466370403,52.59662299665382
2022,11,42543,65261,68748,53790,257000,58256,63060,60.85299523809524,699.1110270504352,1072.4369399510717,1129.7389673427665,883.9334824775616,4223.292526431183,,,,,,,66.54,10.50662799895454,16.117176735062692,16.978343362530303,13.284242297528728,63.46998086010194,,,,,,9.13630900518602,13.700961355444802,14.144627361302422,10.380936673646751,53.0575143234667
2022,12,43235,64828,63072,54511,257000,57819,88468,65.81498695652174,656.917246349401,985.0036138854855,958.3227607667264,828.2460047589267,3904.8856785427556,,,,,,,56.28,11.672303595405134,17.50184104274139,17.027767604241763,14.716524604813907,69.38318547517333,,,,,,9.245867543285943,13.796513886897406,14.411194482705785,10.53891879800307,53.24971556330858
2023,1,42599,64878,59981,55354,257000,57340,63260,68.875975,618.48852230404,941.9539977474003,870.8551857160643,803.6764633821881,3731.344637952494,,,,,,,56.05,11.034585589724175,16.805602100756474,15.537113036861093,14.33856312903101,66.5717152177073,,,,,,9.306293197545429,13.830230617866683,14.551681999608116,10.6638667880703,53.15409347611175
2023,2,41821,64655,66443,57665,257000,55077,65094,72.78275000000001,574.6004376036904,888.3286218231655,912.8948823725401,792.2893817559792,3531.056465989537,,,,,,,60.27,9.533771986123948,14.739150851554097,15.146754311805875,13.145667525402011,58.58729825766612,,,,,,9.32421662184428,13.822947507591294,14.565261762396766,10.757468416797517,52.80322609297348
2023,3,46303,66577,67975,58604,257000,56201,71334,76.10358636363637,608.4207356372943,874.8207959856628,893.190495323091,770.0556938273545,3376.976201515769,,,,,,,58.5,10.400354455338364,14.95420164078056,15.268213595266513,13.163345193629992,57.72608891479947,,,,,,9.309408262472717,13.791958125740246,14.49102706236731,10.820306691363848,52.25412681091983
2023,4,48022,62162,68699,56030,257000,57391,71204,80.99554285714287,592.896822541205,767.4743301571443,848.1824749439475,691.7664605177569,3173.0141058908353,,,,,,,62.2,9.532103256289469,12.33881559738174,13.636374195240313,11.121647275205094,51.013088519145256,,,,,,9.267296109786162,13.738703191227772,14.367464414279915,10.848984992949436,51.53393412547059
2023,5,46894,68376,67923,51950,257000,59340,72851,79.2125947368421,592.0018168296336,863.1960640496231,857.4772765069988,655.8300504179525,3244.4335506720654,,,,,,,53.6,11.04481001547824,16.104404180030283,15.997710382593262,12.23563526899165,60.53047669164301,,,,,,9.196781150143623,13.652404620864697,14.208766479453008,10.833737037831064,50.62276705577398
2023,6,48169,72319,148931,48529,257000,63272,76604,83.31933333333333,578.1251250210036,867.9738196016931,1787.472295345618,582.4458509029517,3084.5181990574415,,,,,,,57.47,10.059598486532165,15.103076728757493,31.102702198462122,10.13478077088832,53.671797443143234,,,,,,9.068795294649707,13.493964677644051,13.965511906224382,10.704075936816972,49.293926136022264
2023,7,44616,72911,149857,56008,257000,65944,71419,90.47404761904761,493.1358900605541,805.8775076251807,1656.3534399498938,619.0504511948968,2840.5935930061505,,,,,,,70.23,7.021727040588838,11.474832801155925,23.58469941549044,8.814615565924774,40.447011149169164,,,,,,8.941780087115287,13.330756374665286,13.730127604601373,10.567614806589283,47.96320809134394
2023,8,46418,74330,57710,59490,257000,68787,69439,95.28534782608696,487.14730080768834,780.0779626230229,605.6545032015963,624.3352347160451,2697.1617973108687,,,,,,,71.12,6.84965271101924,10.968475289975013,8.515951957277787,8.778616911080498,37.924097262526274,,,,,,8.810710784682014,13.161030479403635,13.494102004151294,10.422793521323754,46.60529907230214
2023,9,52237,81084,64809,61705,257000,70651,70922,96.62225909090908,540.6311184553418,839.1855123539434,670.7460642068314,638.620961469588,2659.8425913245947,,,,,,,82.02,6.591454748297267,10.231474181345323,8.17783545728885,7.786161441960352,32.42919521244324,,,,,,8.675294426291911,12.985953331749538,13.255019343233847,10.271447377344018,45.22013349933343
2023,10,55677,81888,119812,63433,257000,72156,73830,97.12228095238095,573.2670140572422,843.1432952048324,1233.6201212031235,653.1251055677038,2646.148725913955,,,,,,,75.8,7.562889367509793,11.123262469720745,16.27467178368237,8.616426194824589,34.90961379833713,,,,,,8.536659163166933,12.80755155895779,13.01343593187176,10.116134250625691,43.8151310497685
2023,11,50459,76548,132605,61620,257000,71829,73383,90.41279047619048,558.0958151411994,846.650121037447,1466.6619545928131,681.5407385996692,2842.5181729976466,,,,,,,64.6,8.639254104352933,13.106039025347478,22.70374542713333,10.550166232193023,44.00182930336915,,,,,,8.39629930377567,12.62795583769429,12.770587765658329,9.959420654621558,42.39973723225466
2023,12,51203,77748,67137,63502,257000,73607,103815,90.81718636363637,563.8029766192132,856.0934676911623,739.2543491843079,699.2288854417372,2829.8608478241076,,,,,,,59.7,9.443935956770739,14.339924081929016,12.382819919335141,11.712376640565113,47.401354234909675,,,,,,8.255646511466532,12.449071773063165,12.526879032142048,9.80351586673454,40.98322122513015
2024,1,51164,83264,79697,65250,257000,69710,75034,88.6802875,576.9489639960854,938.923433237629,898.7002889452742,735.7892248601471,2898.051046575599,,,,,,,72.21,7.989876249772682,13.002678759695735,12.44564864901363,10.189575195404338,40.133652493776474,,,,,,8.115728480160275,12.272113517989823,12.282555862471828,9.649837944274248,39.572251144153604
2024,2,53255,83786,83023,63115,257000,68648,78432,91.518255,581.9057629540686,915.5113370551045,907.1742025675643,689.6438311678911,2808.1829138896933,,,,,,,74.59,7.80139111079325,12.273915230662347,12.162142412757262,9.24579476026131,37.648249281266835,,,,,,7.97710730818857,12.097524251445552,12.037886709150559,9.498990005599001,38.170523345574054
2024,3,55460,80341,81227,64900,257000,68377,87740,91.73163333333333,604.5896926142163,875.8265505647089,885.4851597903886,707.4985764634446,2801.6507573359827,,,,,,,77.43,7.808209900738942,11.311204320866704,11.435944204964336,9.137266905120038,36.18301378452773,,,,,,7.840215907951398,11.925322748070137,11.793058579611571,9.351183057883823,36.78047685142752
2024,4,55576,81785,76286,65830,257000,70229,87740,92.95856666666667,597.8577552651593,879.8005706485004,820.6451834993153,708.1649638172132,2764.672576348531,,,,,,,79.53,7.517386587013194,11.062499316591229,10.31868708033843,8.904375252322561,34.762637700849126,,,,,,7.7054460926404005,11.755418564691073,11.548209237323329,9.206564506174159,35.404075007723854
2024,5,56274,82843,82051,65497,257000,71589,87740,90.60715263157894,621.0767954359825,914.3097161087376,905.5686843358887,722.8678762958124,2836.420663664348,,,,,,,71.48,8.688819186289626,12.791126414503882,12.668840015891,10.112869002459602,39.68131874180677,,,,,,7.573135302145868,11.587901632448316,11.303643922947797,9.065294003182995,34.043009275255955
